X3,X4,X5,X6,X7,X8,X9,X10,X11,X12,X13,X14,X15,X16,X17,X18,X19,X20,X21,X22,X23,X24,X25,X26,X27,X28,X29,X30,X31,X32,X33,X34,X35,X36,X37,X38,X39,X40,X41,X42,X43,X44,X45,X46,X47,X48,X49,X50,X51,X52,X53,X54,X55,X56,X57,X58,X59,X60,X61,X62,X63,X64,X65,X66,X67,X68,X69,X70,X71,X72,X73,X74,X75,X76,X77,X78,X79,X80,X81,X82,X83,X84,X85,X86,X87,X88,X89,X90,X91,X92,X93,X94,X95,X96,X97,X98,X99,X100
1.2045755822769613,1.203706301426585,1.18607010171893,1.1693104921348536,1.1605907880674644,1.1350292203593007,1.1346801459422904,1.1166361653944485,1.0882954005968457,1.0824308736064403,1.0717459644498581,1.0546917600222672,1.0582203229924745,1.0475662835813138,1.0202095350678577,1.0408498157293862,1.055252799838179,1.0527749911923818,1.0518573867848557,1.0552189233177518,1.0647957291118533,1.068672265198614,1.0837429882284082,1.0742047272637052,1.075896610589458,1.074272477611134,1.0789136570454336,1.0748952891302026,1.0744947456428124,1.0658738890222192,1.0596259722005605,1.0564266049028865,1.0651412480468319,1.0649616051498338,1.067643791252395,1.0685437276787475,1.057065061459301,1.0606335456777787,1.0590556024911544,1.0521211505365378,1.056235502158689,1.042276017523056,1.0382677576379626,1.0364814526413302,1.0330755075165645,1.0276672468391015,1.0247634433112205,1.0269720413732792,1.0263186278026075,1.0294661768258893,1.030356540426448,1.0395148784268153,1.0323724181001999,1.0236046270605583,1.022522141424846,1.0570823536427951,1.0563527518380644,1.0611156172444813,1.0592678830179345,1.0588030987160855,1.05234992523672,1.054203774171656,1.0550687044183928,1.071482404260683,1.0820588999842424,1.0828342696270306,1.0714758848235804,1.068067246849217,1.066509128688489,1.064545250288848,1.088494138183995,1.077098985285748,1.0743133148647097,1.075274391159334,1.080165554229539,1.074864479189146,1.0835770573070214,1.106802331722507,1.1084503623857955,1.0853455436495374,1.0865719686352313,1.0851742062178469,1.1084996177540456,1.106574370886267,1.117150628101292,1.1131482121930432,1.1197769043804593,1.131731659544183,1.1609054293361258,1.1580427420856056,1.158761529042194,1.175472197176145,1.1756686856868246,1.1603945057718634,1.1605111222264637,1.1679500656397475,1.1843874153100222,1.1512221599684103
1.3501211620856983,1.3480548796681338,1.343349224338278,1.3513300498600134,1.3488172053949936,1.3343476380671302,1.3164120216964323,1.3227842379696675,1.290934260478494,1.2943330335914232,1.2893421884264942,1.2863077698320176,1.2910034957944059,1.2829138288821322,1.2884052737038973,1.2954786942394851,1.2955225731871591,1.289326418222654,1.2925451249461892,1.3072533949709593,1.3108197118490554,1.3079553492976685,1.3079961654436982,1.314446972472419,1.3146673000977496,1.3114286098394101,1.31094290187592,1.2956722198077415,1.3052664855538603,1.3170012194555183,1.3602119083066069,1.3706122385078712,1.373567139590438,1.3821144579263884,1.3819828077577565,1.3818878522729101,1.3668045385746983,1.3722497210395643,1.3809890047413402,1.3752692021249018,1.3693334130782102,1.3564530862712436,1.34524144008901,1.3377988265174632,1.3545873834927824,1.356194247082911,1.3567780832012069,1.3566111466912976,1.3672060466486646,1.3636065738759335,1.3635506780551696,1.3625811148111409,1.3518689780149016,1.353089331122188,1.353737230496608,1.349665867655271,1.3488973226736418,1.3464567528949871,1.3455268140544188,1.3551757101559883,1.3431735246672791,1.348331475104224,1.3781185031729895,1.378413120943645,1.3810585045580033,1.3824423355160096,1.3828742828992797,1.3846665318295486,1.3816464051769695,1.3790179585582767,1.3615522465205174,1.3488499527552906,1.3550760522906762,1.3667091121656125,1.3639634312712228,1.3659122603787515,1.3649954769398116,1.3649942731645184,1.3652837341208537,1.3561443830371656,1.4192917290668645,1.3929095672986824,1.3995792930914663,1.3872079429643966,1.4122458381483687,1.425248806884867,1.4136657647999762,1.4124559433567816,1.4361599710860435,1.4352150039474436,1.4345683040050385,1.434548875763168,1.4417074496536075,1.4456171192158496,1.4442354731661402,1.4452916169695833,1.4494513871371997,1.4336086875974818
1.3454580045213376,1.3357296601850015,1.3137463531560194,1.308060227994304,1.293383458083334,1.2600786335853031,1.2752234103809272,1.2543195838576375,1.2565358993190994,1.2423396665600583,1.2459925750287164,1.241998159666987,1.2430748093961959,1.2371227844942003,1.1741880830227505,1.1711190408019196,1.1720083508306416,1.1761325860766199,1.1734787177807253,1.1630599165160704,1.1664090599022234,1.1619978133335611,1.1589279132334507,1.160980328193843,1.1679728525146416,1.1713126251021009,1.1567718844408375,1.153952397690325,1.155534483962181,1.1658477451358644,1.1623749250290758,1.1574458378020467,1.1362577955866942,1.138033296101074,1.1299382160073421,1.1301074376478106,1.122369212945103,1.1224013920637224,1.1218270673192507,1.1108108536232109,1.1105325306964795,1.0987395915614484,1.0952129865272944,1.0883468339508593,1.10850329840284,1.1016286006151577,1.0999071206055515,1.0984500706886242,1.09346777550179,1.0918441733333586,1.0992943060974112,1.0980738049286283,1.1021586956188858,1.0958805382059076,1.0932029656520963,1.0837753214542805,1.0743527069511054,1.0736173409278125,1.0720231877955475,1.0749207301661667,1.0732501083781634,1.0717845539848334,1.081403413907515,1.0776689293088388,1.087405933786573,1.0882338938877458,1.077186217716504,1.0687994641642315,1.0787619697621669,1.0752820342838578,1.1464520675787098,1.1622438205470054,1.1620991752973129,1.1722247872333968,1.1596269540457,1.1578447695791867,1.1569527904856272,1.184998362349243,1.1876744044260272,1.177246269302313,1.197463795180466,1.203048573539946,1.2067598800597759,1.2058253740602292,1.1948738662649374,1.1947960306458156,1.1951062158881007,1.2400806203286894,1.2496200213321653,1.2511093046696096,1.2501094957145966,1.2551809375023364,1.2431394360192067,1.241130922048109,1.2405370035796834,1.2435425681900547,1.2419190221300305,1.2047593481667256
1.2446591453374607,1.2317100319877654,1.2210671958854098,1.2124447832076855,1.2062198101793387,1.1785864175604999,1.175646444053184,1.1722358543379956,1.1592299410534475,1.1602636992630093,1.1574596875149226,1.1493351511733116,1.1511283026821355,1.1292996011687078,1.1241342501879585,1.1333573323770276,1.142662850592069,1.1437470729589438,1.1382994359978031,1.1267433372261626,1.1272945205070686,1.1236314644677,1.1171441136856506,1.110163930931785,1.1096759306952138,1.1032959982462944,1.1084304474430975,1.094221843349807,1.097605361416507,1.092849765562271,1.0818469359268816,1.0782445940885348,1.0819982970587307,1.0821406322681104,1.0839479506426744,1.0870845245533824,1.070495817318669,1.0874987350783984,1.0863035532725678,1.0937680527844031,1.0879798161859984,1.0830420692340077,1.0778739693505435,1.0736837193717081,1.069872678724804,1.0643399749583695,1.0620432064261867,1.0631057077411081,1.0556415572056568,1.0549219150180438,1.0575755818587163,1.0640338582541926,1.0514999559417622,1.056125894413321,1.0564483564757907,1.07377241910915,1.0761686032363411,1.0768984984578533,1.0739666522644138,1.068329800401949,1.0628150029885566,1.0747284477204477,1.0704311092582361,1.073081339073587,1.0698703303121233,1.068677277369572,1.068397419149045,1.0684007585849267,1.0733544771792964,1.068455788403203,1.064369434803854,1.0618076080715853,1.061611954845063,1.0647312090473242,1.0594719661983925,1.0594734230605607,1.067105230922154,1.066746368828108,1.0604475819572339,1.0685132316988313,1.0898443491675394,1.0971050630174874,1.099968066784283,1.0997110772802878,1.1004266467487247,1.092338593172638,1.1084677429286927,1.118262989935649,1.1325323106705314,1.1370092336556576,1.1316269236322423,1.1344215314393402,1.1238483220337894,1.1158756067134377,1.112256068127926,1.1111509627722385,1.1192667682340487,1.1037462237688214
1.2462151301377957,1.2235456682621526,1.2202873634480098,1.2126149162520001,1.2061162352481625,1.169059216683408,1.14576159955323,1.1397296378163093,1.1271702892505544,1.1328306176745089,1.1223375740311266,1.112080639092842,1.1124219703192813,1.0831874910311803,1.0661432314753656,1.0661418978901456,1.0736413264796094,1.0736413585806528,1.0750456660697674,1.0700411717799254,1.0719351364956966,1.070646304271708,1.0699758434290858,1.0678777324461906,1.0687513434540923,1.068766998834117,1.0676139186770806,1.075235975497898,1.0708937089666484,1.0841796144714995,1.095194882236706,1.0870862819549134,1.079771768173709,1.083010612217154,1.0767597744547488,1.0780138996517987,1.0649642770323864,1.0651147011670734,1.0670647030472498,1.0678938051318305,1.062815566320096,1.0626769830321303,1.0629593275327567,1.064879764140439,1.0577040673049645,1.0632385511758522,1.076832219028579,1.0762851889704377,1.0818220844290356,1.0825908453430517,1.0880968183782116,1.0848966287405373,1.073701310627288,1.0697324383832534,1.07288704566944,1.0433226497893755,1.0464301970894567,1.0475846881984765,1.0496374786564644,1.0359833486296555,1.0293807071573593,1.0332116149533648,1.0263586615704212,1.0316743322286068,1.0628998833652619,1.0704526204765699,1.071842810715774,1.071605786904626,1.0757442515353506,1.079769667808156,1.077427680776325,1.0842933401557726,1.0838938628852401,1.0902657879783415,1.066274750305638,1.0696265640754796,1.074248441546057,1.0693102312291305,1.0682383302366112,1.0351358846832683,1.0476876901588197,1.0424094228221792,1.0432294131947641,1.0443424092512004,1.0551875117221683,1.0576969195290586,1.0629726027229158,1.0825129893110632,1.0753432724040852,1.0752691675175232,1.0850919370329155,1.0702471087994112,1.0496534343653026,1.065904911560628,1.0727044487472612,1.0740788752241022,1.0900403592704135,1.1008364722394353
1.2332826161208554,1.2061684350421151,1.218657534880968,1.23120965539533,1.2288824713446025,1.2033095304043038,1.2046199810055143,1.1690651580577371,1.1399916254899274,1.1420677949182738,1.123076752829191,1.0995437484878066,1.0922710060986616,1.0792631029467425,1.0549024565112237,1.0547199771315092,1.0658745028644083,1.0622279919033975,1.0588371449528315,1.0674141530867736,1.068301316126403,1.0688725915626012,1.0653069816425027,1.0583734095745172,1.0571771847622482,1.0571421693285037,1.0565686759582353,1.056635266230131,1.0560661840544607,1.0534747989242454,1.0524266597542933,1.0535486257099196,1.061075675888178,1.0570191062134386,1.0579570981153406,1.0758299750028013,1.0764054901324658,1.0760092701656296,1.0767391340152486,1.0641557963701136,1.0575901317518994,1.0507266239198652,1.0536127460135725,1.0467661324726283,1.0490024456494274,1.0444617548796336,1.0441136418372685,1.0512189825549787,1.0476661627805195,1.0626339032520524,1.0554791000410393,1.0521280039997865,1.051728011236869,1.040191026735465,1.0414461547673335,1.0550599626015964,1.0539512612206159,1.0551932874385355,1.0457963993470172,1.0437506703956358,1.046157347570316,1.0444117727664846,1.0442961971622011,1.0498018379417393,1.047892387312816,1.047645743981637,1.0492805626259343,1.0388689981803132,1.027885172131522,1.0278629260861278,1.02714110114934,1.01693314323471,1.0276496720266124,1.0372628567113715,1.039807879355748,1.0398893050333196,1.0408426128244912,1.0354453094296443,1.0263411573355987,1.0149803399024373,1.0130258133907755,1.0117786486953217,1.015239712727989,1.0157085992874209,1.0209251138959514,1.0166584071897486,1.0173682657109937,1.0340266951444597,1.0376408970193407,1.019461572144542,1.0188412270476899,1.0187958733517763,1.0197418798518993,1.0233156346562917,1.0234669261567348,1.020422179869765,1.0045934026084204,0.9957118730589587
1.2586581008473385,1.2414364159666247,1.2114175973013037,1.2153456600523884,1.2087170363800614,1.1917699838206413,1.1858565934644176,1.184188713443602,1.1749370301917135,1.1794004446088888,1.170959755214448,1.1663482496658988,1.183707617084825,1.1616499756234622,1.1205080324826016,1.1214340477441587,1.1186737698801719,1.1149821627751983,1.115282220875643,1.114061109908912,1.1140026567037729,1.1075594523600325,1.1060734948154,1.104991109310125,1.1099188332409258,1.101672461760599,1.0853983022137292,1.0659513355932224,1.0695352724433336,1.0845672716113248,1.09448061463881,1.095557575190624,1.1015619688822562,1.0968302660914113,1.109369273085424,1.1205898634239255,1.1121483300712118,1.1132845667503874,1.111571675090854,1.098569663343093,1.0911065602606227,1.084419927188989,1.072660454014344,1.0854333471017874,1.0818667109896836,1.083341016986536,1.0891018434607447,1.0930121368597,1.093081943388701,1.0879107261003504,1.0894871525655816,1.0895186492328213,1.0935618306115602,1.095552579803352,1.0949499352372378,1.1457490333025293,1.142320014984895,1.1421967702592413,1.1440955522949094,1.1438795137579956,1.1379828347303573,1.1362986749755721,1.1342101729204175,1.1393577045921115,1.160817002258841,1.156271188742162,1.149349414804026,1.1483484759205924,1.1473133097164876,1.1560817875844618,1.1517556410677543,1.1377160294539672,1.1390123244910437,1.1553283027662136,1.1564766527475376,1.156110043784553,1.1531092538854857,1.1502352867093049,1.160045331223086,1.161875437765547,1.1616942853907526,1.1829473683395635,1.1921973267169557,1.1920775863334017,1.2016865278791267,1.217007249654756,1.215233794632445,1.2455068361353001,1.2286007586135275,1.2213009732335482,1.219461673719294,1.2294506591741927,1.2420254688920542,1.2303445266920967,1.243504308008698,1.242628902143126,1.253084824086003,1.240252924629111
1.249545666573582,1.2138377716690594,1.1909692447768545,1.1860659799137383,1.1779912176264198,1.1554952960503821,1.1544658151481844,1.1406288179909965,1.1108946558373975,1.1147358936477383,1.1199583555338448,1.1209867818212513,1.1160672261277462,1.0982627619271612,1.0606205017927552,1.0595665795641,1.0621489052660502,1.0580332845377796,1.0540124218832887,1.0688081531091025,1.0759980356888974,1.0660141971027584,1.0662108210616963,1.0480840156728317,1.0489946450333698,1.0447873411430366,1.0409220402715735,1.034695489646221,1.0445351318591476,1.0286905533625323,1.0224215052841772,1.0199122625454926,1.0311000090597422,1.0309470551868716,1.031035570618963,1.0311596797510028,1.0310088427343371,1.0296709755096973,1.020981949638832,1.017923608315876,0.9821317295023783,0.9815659077347805,0.9761017468665678,0.9753196419442663,0.9853096475706913,0.9821807619275206,0.975817394613814,0.973092014338438,0.9699174741099271,0.9714863985109818,0.971387681181166,0.9674995506310163,0.9745292657402602,0.9723860008088937,0.9841385636832407,1.0117487712316529,1.0124558498879341,1.0099825312147908,1.005047781601188,1.0051714069422166,1.0020390820142464,1.0058725517699556,1.0092145898610332,1.0076703597155767,1.0163955549977617,1.0210773618179905,1.0223461203834086,1.015859590694992,1.0127283367191302,1.0128786118998563,1.0153964303027658,1.0115829185281457,1.0120629770480478,1.0112098932632234,1.0119035139531858,1.0143866815317757,1.0262316188963887,1.0263115395262827,1.027942884746109,1.0294815056938746,1.040903792007118,1.040933497217287,1.0383694189333907,1.0426027850998143,1.0237410943982157,1.0242827989500527,1.0300360283059593,1.0357042048586353,1.0619900675076874,1.0761171829869367,1.0775925167004363,1.0977537050343524,1.0986264600699611,1.1038426474043652,1.1027725090425853,1.0987256458876253,1.0888389561564673,1.0707433889948177
1.2828731685145698,1.2908681387281973,1.3005537997974919,1.3080707590579574,1.3046344909846241,1.2652573341984923,1.2690223129460374,1.2583908703435138,1.2604925622294196,1.267455486156772,1.268461071061025,1.2678836175304904,1.2647589431879014,1.2404536000189166,1.1917157515204015,1.1865397366155512,1.1921442339643127,1.1880252188839326,1.1873112133838997,1.1730712681796596,1.1775852716558561,1.1850508266058264,1.1869117089511672,1.1839806762974352,1.1898403765086063,1.1803818063141993,1.1801552482664341,1.1788086848494597,1.1901683265478795,1.1832115069400033,1.193527361014225,1.1932892558218968,1.1956002501688643,1.1954429744189083,1.1877887471101631,1.182723846670132,1.1847941890049731,1.1847628468081308,1.1803062054528926,1.1882217913651887,1.1732492295954533,1.1678261292532555,1.1559413445807791,1.1639690943447931,1.1689176420641771,1.1694528281200687,1.1657904679647877,1.1729059534888775,1.1898137791721826,1.1947791840652207,1.1983892069625803,1.2010874196083603,1.198048261990321,1.1957622343985468,1.194407780532915,1.2090294828014982,1.2072964416690781,1.2057591257787077,1.20619223149974,1.2067159442372115,1.1960724983669166,1.1930588500318993,1.1937141063988945,1.1934677141155035,1.1940916016965357,1.1940219569984107,1.1975526060861632,1.1962843843742936,1.183726064040933,1.1823597924903,1.2005091775320762,1.2007429810643737,1.1973293965043554,1.1902626523926323,1.190547047900871,1.1841575268371662,1.1810417762519425,1.2026571000285595,1.2040949070800766,1.208031335423462,1.2026601758921869,1.1854758052350574,1.1858332420850253,1.186270279696281,1.1829434177610225,1.1838124932305887,1.1788642341635214,1.191363937216885,1.1650492336218747,1.1633965171357086,1.163445672598336,1.1632767026989823,1.175527190297816,1.1428303687565413,1.1430315542503364,1.1223960254002936,1.1228110572934442,1.1641615635385179
1.2696131863823803,1.2352518826956669,1.2291232007285422,1.230817357588605,1.2134458064342366,1.1906803271122417,1.1996389452264897,1.1824696498139968,1.1758245546810562,1.1806205086804697,1.1792983105531933,1.180565171031618,1.1812792958083285,1.1824280289610483,1.1449768739543638,1.1461072323175323,1.1433445095099393,1.1438891339429589,1.1288407252980999,1.115441104182295,1.1172613926744595,1.1189512263991004,1.1204479450799765,1.1147028204767055,1.1146405864406532,1.1041778143649321,1.094842878972985,1.0876019715252898,1.097902555488839,1.0949650158188557,1.098212581196935,1.1003136308167831,1.1040410538362992,1.1076509518887385,1.0980243228712467,1.0943907862363345,1.0996124475179736,1.0974619087311501,1.1091481815135873,1.1041552833781918,1.106587290410549,1.0970504459120405,1.099029436571262,1.1035838559768953,1.1042412446817098,1.1027708056830234,1.1065983551282326,1.1061948838993008,1.136361950343315,1.135037506850323,1.1340689027520625,1.1378196722707123,1.1300198945323114,1.1359938532298262,1.1374127370502232,1.148687171477864,1.145947993956196,1.1465490446104525,1.140755631675177,1.1374523122195908,1.1288652601004079,1.1313474537818515,1.1306406030774097,1.1232717311736602,1.1334286115746512,1.1335557327462047,1.1281107234135919,1.1323892065515544,1.1283538174514556,1.127904171853627,1.1383728854569815,1.1251881083495108,1.127354065452592,1.1351789447759169,1.1327867298145433,1.1304714254436614,1.1521568642988889,1.1407387314639397,1.1427340665970411,1.1480827569447307,1.1415759099347973,1.1484442359676017,1.1503754326367126,1.150201763844771,1.1364025378340523,1.147984932846909,1.1552162201414062,1.1879092954870585,1.201849526040761,1.217754166232329,1.21886011965017,1.2127295321390021,1.2157499583399307,1.2176514528623452,1.2237866861772972,1.2152705592772701,1.2084289983286651,1.2077793667590055
1.1030606297553147,1.101908323486507,1.1004659461488946,1.1007074950406468,1.091948623021144,1.0667838386766941,1.0647771003750623,1.0422051415549805,1.001383618827385,0.9930013422375588,0.9651518790356779,0.9623089336613764,0.9621803392430484,0.9438238528983944,0.927777963357104,0.9263366373834423,0.9202104707442034,0.923565026325291,0.9231046176095086,0.8931025655344564,0.9017079194110773,0.9006067910522413,0.9003459754411501,0.906887867773008,0.907074181932622,0.8997406711801584,0.8947471852690061,0.8841149197579172,0.8819877824701269,0.8988978406575683,0.9334228252970943,0.9349084835824809,0.9423877977116216,0.9397003377819421,0.9412797125680388,0.94479323994940545,0.9430271179750581,0.9520646051681905,0.9417577842549395,0.9350549793155084,0.915477655718901,0.8995779872435818,0.8965209180597574,0.9017677596237168,0.8861659465803906,0.890353285914838,0.8908906618426434,0.8907983462073824,0.8924362497314634,0.8978770680014118,0.8966092520879678,0.8894748851076961,0.878846970574192,0.8625389367100148,0.870582781843663,0.8758146402139582,0.8749220446998326,0.8756082343314163,0.8760147105192695,0.8710778182445581,0.8612248539763367,0.8607263320511448,0.8549288061120446,0.8528446571126325,0.8538272371629101,0.850462877800954,0.8582511933842687,0.8561317868392814,0.8634298895727173,0.8626978107350172,0.8559293777318135,0.8589560062855528,0.8613215244348243,0.8592494029377195,0.8541484814577764,0.8512740104416913,0.832197681598192,0.8331125596988165,0.8312616145669326,0.8316530860880704,0.8510317471533555,0.851420523312605,0.8521957110079599,0.8579361299983931,0.8348966814287341,0.8414308892044734,0.8646606918906073,0.8779489419582447,0.8846397770973808,0.8490113146789827,0.8486621630100446,0.8514001040079554,0.85018902782061,0.8468539282351297,0.8475283309331054,0.8365567417554576,0.8366071404919517,0.8542366535572592
1.3562496283512244,1.3372957754212955,1.3444671615920838,1.3230941329311077,1.32573762240018,1.2998497549159473,1.2942854065248748,1.2754705667243105,1.2463728386876256,1.2451384320470709,1.2428831013029655,1.2150848318472725,1.227295480734194,1.223712529184868,1.2120165766366886,1.2154252717961478,1.221329978843362,1.2227633713032604,1.2232147794559771,1.2126927673896652,1.2103208228419005,1.2101679782630905,1.2007308979637092,1.182565850505515,1.1923940251378096,1.1920040536386503,1.1874796269567893,1.1945338879369203,1.1859313208688989,1.197221169380895,1.187610122385302,1.1854252668197993,1.1819153923633248,1.19028734815706,1.1977368926910508,1.2177064309075638,1.1906009229996057,1.1916180270778798,1.1806279242759765,1.1498653177395146,1.1526471096229676,1.138928814719279,1.1362866916541876,1.15659150390286,1.1530378000589263,1.152211613238342,1.1508055869160259,1.1575507984904905,1.1600412311831887,1.1652351395285452,1.168351945374669,1.1651218786722861,1.132542651007816,1.1335742116057874,1.135659029892741,1.1413682107635685,1.139131536932724,1.1407873342298,1.1456785829867862,1.1462783667940362,1.1428110475104487,1.1550585490812526,1.1557446861993463,1.157446790723286,1.1598221588818554,1.167112853389193,1.1669591979993594,1.1662329877098787,1.164879100238367,1.1630424400308665,1.1205365654241943,1.1026781570412183,1.1074420298192222,1.1048854373615364,1.1055626227692084,1.107442100485372,1.110578275290097,1.1012719473630508,1.1190170102190102,1.1311036108836883,1.1306122292768723,1.1268033922947545,1.1265106726237846,1.1404624458998986,1.1402295641406157,1.1357467311829756,1.1414902200682984,1.1202484372194121,1.1493202164463476,1.131944058733335,1.1316888587545253,1.1238850444749138,1.1267256153162122,1.1276912424782768,1.1273455781497108,1.1243187297710595,1.1266575266557903,1.101595581322852
1.1842287137980598,1.1668358738006883,1.1564228237000524,1.145250006299512,1.1339075887328,1.116699024908673,1.1121928069389277,1.085964688264869,1.0816067268470908,1.0811271677601526,1.0776196462823875,1.071260583730061,1.0730214827559803,1.0859103222807422,1.0440644119553306,1.0337576099737327,1.0346561681578048,1.0340948486230608,1.034661656228444,1.0281420166421504,1.03300202370928,1.0293350676598856,1.0253881927595376,1.0188276765579127,1.0194097531049693,1.0182834680519994,1.0303110732636873,1.031611037330383,1.0405035918394019,1.0316524062149848,1.0269015385123321,1.0260990027642458,1.0374930366577086,1.037101964594887,1.0356667379323454,1.0362047539866484,1.0214467586137128,1.0252704325596131,1.0378229786729218,1.0409680599536626,1.0356597975435247,1.0374383539430068,1.0334576323229085,1.02715356520002,1.0213227780177254,1.0210486092087292,1.0304218559447127,1.0292570159462475,1.0302272132683554,1.0361323676842398,1.0445070876078102,1.0428947026062827,1.0262764792490564,1.0254639969825579,1.0257348611782382,1.0634528615100902,1.0533767903538849,1.0598706124424042,1.0594337296578529,1.0570304610375556,1.05031041236016,1.0510303009149566,1.0598627872578406,1.0600632149850358,1.064976068291597,1.0672215845236928,1.0615741879844103,1.0650149428321363,1.0706983607904683,1.0777458761760879,1.0623068543811467,1.0430739068382218,1.043279488984374,1.0400973198201922,1.0377881453029765,1.0417273777550855,1.0318160318753904,1.03574172399457,1.049293470178896,1.048924235179676,1.049932585913419,1.0475476329953504,1.043200580197328,1.0517136201367112,1.0528720786927954,1.038830422963451,1.0310803206624002,1.0374966460893844,1.0364027406293168,1.037899663515249,1.0386083396923929,1.0550632158000235,1.0705118004627938,1.0567646279563963,1.0692263061267702,1.0637288700346326,1.0641983735129357,1.044823273556031
1.3051108976165184,1.2806099008224356,1.2747867171930147,1.267036538806743,1.2608633527889328,1.2142701339280806,1.2303753073787231,1.2080316448427135,1.2132010546692098,1.1966487309972966,1.1848064253173825,1.1886487627917959,1.1916267624620902,1.1817428571564252,1.1455989144647498,1.1469129565991758,1.1497722179158336,1.1583889100942448,1.1408100920373474,1.1447433940039968,1.1477028097840538,1.1527324595171624,1.1580924871304448,1.1559771878531926,1.154404616384133,1.1449712803329366,1.1257899684502362,1.1190620053172848,1.1148008952853776,1.1130433187952382,1.1018468491966429,1.0998272773145688,1.1140901774586083,1.1211980109996735,1.1252165851702756,1.1311174816349323,1.100265439969087,1.101345538338784,1.1032539445997986,1.0784033833150777,1.067255475840104,1.0677444309861537,1.0683559899855657,1.094680245879152,1.0910456888963467,1.0855509055156602,1.0840331829263135,1.0856025261849351,1.0823062749051944,1.082193758748812,1.0832863261709393,1.0759472578284528,1.0825948339139366,1.0795903252771786,1.0809048180277705,1.1192889198135594,1.1151038954129782,1.1188582078717428,1.1173804800126073,1.115424047190376,1.084063310948034,1.0843473960995325,1.0814119427999058,1.0798965519847026,1.0796373012753708,1.0783743173427691,1.0942952535582897,1.0962170360976051,1.0947969178747867,1.0933335513281992,1.0719507867328002,1.0654151614555507,1.0656939556062688,1.068128740258075,1.0643156108647558,1.0636312287085978,1.0873243503691248,1.0854715738741316,1.054949356296745,1.0693065986110846,1.0693687654258295,1.0706616033069034,1.075374091987505,1.0759530331829508,1.1085608499097914,1.1306218400753831,1.1348995937471045,1.1482974103029107,1.1737244394540476,1.172516924714931,1.1657042392827597,1.1751839917632572,1.1916910905078844,1.1869998802692463,1.188076767305408,1.1872954464927257,1.1828998978883325,1.163527951385846
1.2232764308149198,1.217934735001024,1.2086485880385616,1.215594089844327,1.2083603851671934,1.1932290117941424,1.1924278980724008,1.1943157704576057,1.1755656493985043,1.1881050223057095,1.1754319939005389,1.1742407154837908,1.1787068666146368,1.1734971865384576,1.1307296199438537,1.134358360890222,1.1482628282758762,1.1449225083667822,1.1394209111745248,1.1404270472915345,1.1472864678741423,1.1439817926864906,1.147693994047001,1.146583577068526,1.1456421972275195,1.124907261897299,1.123829640823383,1.1220437299298547,1.1345175316618525,1.1441000055859962,1.1515859290154764,1.1490043024537733,1.146890314699278,1.1560813312530558,1.14544524186434,1.1424481647853857,1.133848859179096,1.1357623992883568,1.1237422126095604,1.1038243477221923,1.097654637723037,1.0986762833467345,1.1121606085294882,1.1107304999123158,1.1140126147580298,1.1081322142861312,1.104222263050306,1.094896411371214,1.0988985496625663,1.1046617618246815,1.1057793752293814,1.105031413151917,1.0946000452380342,1.090612708084111,1.0909694298821186,1.1003282898317097,1.0913595627911672,1.0897793219118372,1.090386685915676,1.0888108315079605,1.0740439760521447,1.0622263680755941,1.0578203546935208,1.0579580587997857,1.0550907652532986,1.05497502857034,1.052918165982212,1.0544196839483972,1.0534416385149783,1.0502541035832824,1.0288791796230528,1.0186026549966891,1.018434195992565,1.015201531206376,1.014648243433086,1.0140151913389301,1.027255441936341,1.0336735262910393,1.0416532090347206,1.0438274040100388,1.046846399988668,1.0468900316910927,1.0547131001919816,1.0507325367780709,1.046916586092406,1.0536074697000937,1.0458802710240322,1.0509653220707869,1.057438715483686,1.0520041276439778,1.0584666508500558,1.0630234547024424,1.047691316712404,1.045078126323712,1.0469257980068936,1.0352959875352166,1.0488827384298014,1.060165190948279
1.2222103702319074,1.2190207412261846,1.2139224736588563,1.225680161509766,1.228435347455568,1.1938516146130773,1.1938876013525477,1.1733930860303117,1.1726405271039275,1.1727005653117157,1.1671655642039145,1.151300289994478,1.160925662842128,1.158244268575318,1.129997392346898,1.104376206561212,1.100835789259187,1.1134882935504409,1.1396759171560904,1.1327179610966807,1.1377442167693563,1.1350248059035783,1.1307338676738683,1.1370539722534572,1.170020660462277,1.1688415738624742,1.1712489482946866,1.1718309229665163,1.1735241521344835,1.174989363666511,1.1728364752650358,1.17121821816172,1.1626411342341754,1.1612875126403035,1.1622803355708842,1.1840071385844355,1.1809789748278465,1.180629983485125,1.1773788585645661,1.172178802137741,1.1715570434305929,1.171476244386333,1.1478726420930059,1.1518676531082275,1.15449247676866,1.1519985011170433,1.1463728981239265,1.1475966116843421,1.1548511958614598,1.1493171706278338,1.1594101705568753,1.1498312750994348,1.1425126389835911,1.1477571731559537,1.1576731725439455,1.1897563602137038,1.1903082292920166,1.1819475879270538,1.1815530064366753,1.1796715772107753,1.1966992587522525,1.1970980997529883,1.2216816500929468,1.2359302696990995,1.2668846107990743,1.273978293363539,1.2801272835857653,1.2761828293018302,1.2761157674938428,1.2735145557659822,1.2567171617594048,1.2654578093872566,1.2716319260460056,1.2707149716488235,1.2692468858336732,1.2616473689987036,1.2620150604427383,1.2626439443148594,1.2635791019866165,1.2678340431140174,1.2675843305621777,1.268954300470444,1.2682594865784875,1.272830621799413,1.269475520578525,1.2642974218915686,1.2694251555632776,1.2673229869720986,1.268940669924854,1.272835801295884,1.2718071898035646,1.263124268791863,1.250967358324532,1.2394917840996436,1.239154948969593,1.2326688805190555,1.239704864925773,1.242212762400126
1.2352469386137785,1.2391620654706637,1.237699712427273,1.2380652180982885,1.22797897581924,1.225103393531712,1.23035234351098,1.228517082561282,1.2182026652665774,1.2089656273019211,1.2090628316561671,1.2007639383751203,1.1970710267423852,1.1927691882994775,1.192328408739484,1.1752510591325085,1.179419783392312,1.181214185768428,1.1835736298938437,1.1859274263810051,1.1892359353777078,1.1975315966311095,1.20724205668466,1.1988865686177883,1.1994697892579989,1.1955295327845503,1.19706279817439,1.1969421656921073,1.184403525814773,1.1571298323182384,1.1512348534525976,1.1460299623040155,1.134882947063803,1.132785068821152,1.1325982230890264,1.1321833507022026,1.1160213321342831,1.1171558503515646,1.117412708237083,1.1138937320471722,1.1168561327621311,1.0920374259513712,1.0963099993845955,1.095338799256421,1.0925949141636841,1.0859619293298928,1.0707029223023699,1.067232674665513,1.0709594639452436,1.0675889030709467,1.08280161998205,1.0785298920458781,1.0834532969677932,1.0844841942467225,1.0843314085144269,1.0929046806516183,1.089641404381857,1.0889292219917877,1.0893384015308978,1.089758898781968,1.0764586824717413,1.0844619941541147,1.084233867107837,1.0828223564662351,1.0876373614030834,1.086614137558071,1.0779604004827914,1.0573473013602463,1.0559803427681573,1.0559570199405495,1.0870126435237335,1.081196719523547,1.0804749088789491,1.0775155087266934,1.0895000753227466,1.0866569573309481,1.0769255676765677,1.0723280043060175,1.0715380686783749,1.0600911614528405,1.0548496013442448,1.0564801040312635,1.0567732249573814,1.0567345606519178,1.0621110069242197,1.0708712727477987,1.0897198091699767,1.0789096257968294,1.078844062808491,1.0811456035270381,1.0825404438714048,1.0741062075967047,1.087074977351572,1.0872212086475346,1.0867324075190516,1.0686923890006383,1.0684319068580699,1.0518440871810173
1.1669296662636417,1.1561299579828683,1.1517028901026631,1.1482486847652444,1.1334407499854193,1.1110225314811093,1.1212036901870193,1.1150767850999148,1.1069398850645116,1.1152341526914051,1.1157656475337794,1.1052841859956606,1.1135779256193128,1.0914822384659753,1.0670492878367657,1.0650268524314157,1.0700888841072682,1.071237785097681,1.068293812842882,1.0718427849146543,1.068718338023636,1.0714825131405177,1.0678851962636524,1.0612469533581943,1.0576994954701613,1.0606972365333616,1.0455239462103632,1.0439786952155121,1.0644678705442225,1.072977733318271,1.064111909479012,1.0568559729254043,1.0343244727833256,1.0224481492038557,1.0224632497221349,1.0324077608573208,1.0271349378327117,1.029634021606722,1.0298257451258324,1.012425556196999,0.9929010574091953,0.9819700639502176,0.977564477279932,0.9718948775449386,0.9837193940544156,0.9846912238884393,0.9883677357276028,0.99064081414451,1.0106508031698742,1.0154234693359294,1.0154422918665134,1.0255158181728457,1.0263558542702436,1.0231274306161835,1.0215570194716281,1.0380485173838305,1.0387669192523645,1.0755044243887761,1.0738210928532137,1.0767923830606316,1.0706589444497319,1.0715748935029221,1.0883296943893497,1.0871600214636248,1.0740968969818028,1.0752111189421683,1.0677797291288298,1.0604695721395574,1.075149490846963,1.0796982059851188,1.099724695510115,1.1059400401566852,1.117426757626396,1.1305883511571697,1.1164209928146842,1.1203424579513324,1.115283876534887,1.1198576868370365,1.1262952085677203,1.1117219185741605,1.118066252060216,1.1187198664314648,1.1175667534638618,1.1134008715898387,1.1439038798449348,1.1412954909786024,1.1492656453289374,1.1541968484510183,1.1501843962076455,1.1474093963913679,1.145500430150404,1.145992486152238,1.1451703797164197,1.1446916288550792,1.1538816977587445,1.1511117847670194,1.1465490937391776,1.134488556145029
1.3245375064767742,1.3064819769522835,1.2743246346804604,1.2731272360759303,1.2755718379626575,1.2217211467231222,1.2116397908360348,1.2100245431569308,1.1930384301197348,1.1941221503952557,1.1778802325718565,1.1764118100950043,1.1782407483113726,1.161230115026799,1.1785530416483483,1.1824533135811763,1.18673701149477,1.190249820618336,1.1911171725889962,1.2056322812441511,1.2074104475698928,1.206793532601443,1.2051983995554847,1.1885488370323498,1.1886648648550882,1.187969612952494,1.183992270291811,1.1868475151882052,1.1839130890415417,1.181090875299217,1.1773166714755572,1.1772694662025496,1.1808885352445926,1.182667052854931,1.181098361967253,1.1813222771694727,1.1782859100476,1.1821445796048051,1.1808880355426363,1.1803846579505068,1.163176683624647,1.1588556957018397,1.1449423094728561,1.1410797659523715,1.1502717694666964,1.15603287873505,1.1580504463441679,1.1575097544274306,1.1626496999834743,1.1719508380230768,1.1733630312073557,1.1757795059765166,1.1698641733777793,1.1690102431793528,1.1681254883670231,1.1824604811861397,1.1823936677097342,1.184281557303101,1.1837798972148181,1.1870003958063744,1.174764551969679,1.168623033585003,1.1755820104663113,1.1744781477716002,1.2018580298313248,1.2018237845599267,1.2029961747449183,1.2062089453603384,1.2171607958621293,1.2178351067409328,1.2021665946011622,1.192704564661421,1.2007611782705556,1.201274633446568,1.1965391672178052,1.1775879285887567,1.1714670295688896,1.1734348893033852,1.1752392153134603,1.1983649268614869,1.198650125342052,1.1936560281228887,1.1919359538330154,1.1915842100117386,1.1937322758070845,1.1897708687902675,1.1952195598883661,1.251978869107357,1.2376023684771937,1.3163100129741108,1.3182522288269323,1.3359345960988664,1.327580877217958,1.3338761537151649,1.3321794245425225,1.3368378838701032,1.3435819702877665,1.3349677681734518
1.2405217985901025,1.2253517896786992,1.2269666338499619,1.2057106952163645,1.1938322918770374,1.1453740469052924,1.1573434353907137,1.1497800535893377,1.1103977673140466,1.115024608245044,1.1056150208080633,1.1047865688723952,1.1101566393944367,1.1019404700712194,1.0900981424879148,1.0873940224075431,1.085108427086105,1.0801206312735092,1.073923643344525,1.0693321970724312,1.0747333779253656,1.0751743306911583,1.0758422465827522,1.0371784673640674,1.037541025258094,1.0358675512830218,1.0418022920103132,1.012333672053745,1.0101867797529809,0.9967080011174593,1.0025246892424806,0.9966437557277559,0.9956116050780436,1.0051313446042838,1.0056721561152975,1.004954737129253,0.9889089127147279,1.0011855872460904,1.0008091413921798,1.0010329165692518,0.9950393896839338,0.970690895614502,0.9788361831051857,0.9652275208525716,0.9679604615289011,0.9767874707689648,0.9881312723090478,0.9876378123477609,0.99192362573774,0.9848744277299334,0.9852703508457243,0.9904503975041044,0.9608598252338638,0.9565993852591249,0.9576305427177086,0.9720274047109019,0.9609566706550677,0.9672007754365448,0.9664433999035051,0.9681428540123342,0.9542459834414142,0.9540673793735845,0.9544193423880472,0.9509861698725545,0.9562011917948786,0.9597463924015944,0.9566292240197426,0.9476961435425482,0.9549687967189232,0.9567385956905429,0.9456271806025026,0.9446434772311216,0.9358362565319293,0.9364916589003485,0.9465255123948999,0.9406307957303718,0.9497745936168525,0.9528702532545094,0.9486955892498357,0.9330352125316205,0.9403627309148115,0.9446144056344978,0.9395266548185957,0.9408825420471428,0.9328595590213812,0.9318621335218359,0.9305263075405509,0.9677100036446802,0.9649665161508546,0.9747404944539284,0.9709809051457878,0.9632815793479582,0.9414855217766618,0.9330083267855632,0.9364767682244439,0.9369720551826287,0.9369749949999775,0.9049953094944413
1.242833994681626,1.2207670523732863,1.2156269781201374,1.2200517058146283,1.208102421653363,1.1753850377361479,1.1778974713958101,1.2089910442917111,1.217725394753645,1.2265768347283013,1.2149815341823622,1.1971354683614084,1.198600890078861,1.1805113371997689,1.1408752810538774,1.1464523672111162,1.1710257583181376,1.171000485788248,1.1695687593891,1.1634434146842525,1.1640566107104446,1.1658972867575095,1.1637272642774477,1.168003070052371,1.1676945405417796,1.1650393423360226,1.1573911108739565,1.16227509775441,1.1826901294700314,1.1784286311762149,1.1716554786434388,1.17386170491671,1.1725211960156763,1.1723780164391795,1.1744819839681875,1.1743764109968795,1.167769981896656,1.1673207385288642,1.1673768522272614,1.1552220368904913,1.1367932037673103,1.1157581703210553,1.1146009322484784,1.1146143255882723,1.1214130061643057,1.1362267128205106,1.139281470362667,1.141082555409941,1.1502860510410635,1.1772711798349438,1.178010799223372,1.1793802542932412,1.1822117908170113,1.180757023187777,1.1806058421403298,1.1676628050554674,1.1700029382917427,1.1875202448461846,1.1877213686090482,1.1868667011414094,1.1887870936600957,1.1952083417369164,1.193095916828959,1.191500560050066,1.1982850132242937,1.2040179869051924,1.2025232784533055,1.2043128783382437,1.2084204001332088,1.211572320568714,1.2157252281622009,1.2198728361456868,1.215727988827373,1.2298532329897844,1.211347605557353,1.1856566328810567,1.185724770795085,1.2057174830952235,1.2111766638108103,1.2071843866699745,1.218723303653283,1.2187315586584024,1.2187823706054486,1.2170758622432332,1.2320888958536194,1.2328548776542454,1.228982601567662,1.2303499146210466,1.2289344193815988,1.2755572723888267,1.2710610212390046,1.290124844416928,1.2981215507945025,1.29785558404707,1.2979045686058266,1.301649189812348,1.2909335457829623,1.3017435224791265
1.2346746968975204,1.2280267279486763,1.2205723416224927,1.2207989965875163,1.2231037941705245,1.2031642522113153,1.2110744800891675,1.2260943642832305,1.2184735770965267,1.2188159421353835,1.2158054472987565,1.2130678549173348,1.2122766481483,1.2023442426458915,1.1855620811196046,1.1853273965922446,1.1841512252782782,1.1809445778407048,1.1841772236142891,1.1842922789501023,1.1841342305150393,1.1732953019351589,1.1743304868374536,1.1675807174043613,1.175139799843727,1.1693246042787973,1.1693932724839191,1.171715315389988,1.173386998643778,1.1738010352436177,1.1881352305265789,1.1879695779472792,1.1852697280749447,1.1865492804951019,1.1845830570318743,1.198497544646049,1.2041912241303807,1.1899341915005766,1.1903295710797221,1.1782753975958826,1.177980872216004,1.156997638283582,1.1520071988218876,1.1857152970310652,1.185212320265918,1.193484686770109,1.206393703094083,1.2072895371006038,1.20096544999183,1.2028261314448045,1.2061107974462046,1.211368754256217,1.243198683384993,1.2385665958229268,1.2420891925824167,1.2712508602887336,1.2728420861543916,1.2812253837088825,1.2829436503881462,1.3005776762272667,1.2923486190979478,1.3059350158821967,1.301341104384491,1.300746955128747,1.3094414951130204,1.3125636327576753,1.3134893711717865,1.315732433102139,1.31577719469247,1.315295818364102,1.3147744809184874,1.3166467770046637,1.3219699910919325,1.3191872471969113,1.32011272751993,1.319545834123423,1.3197049632533184,1.3165243915069764,1.3166012741334183,1.3238445567884973,1.330815905305811,1.3205515516434296,1.3209505919000688,1.3361445087452803,1.3358329186719857,1.3257951157533938,1.3188525668134148,1.3194120568505328,1.3189713343188283,1.3166509671495799,1.3105349199541008,1.3518498264640526,1.3601696687171734,1.3778439787329546,1.376552281231975,1.3792593253327778,1.383622422968729,1.437673014595717
1.2788668806638332,1.2693010857829599,1.2585980861209674,1.2650375383054515,1.254851972503195,1.241527096865645,1.2456910685005265,1.216422632650756,1.1980890711558116,1.213922342938213,1.2206777570632303,1.2167117554429907,1.2266461250490792,1.2207542250347687,1.1853699465653729,1.1966448670318215,1.2133595198209315,1.2113665969019118,1.2124312669227506,1.2005099145212206,1.217984842079672,1.225877479789535,1.2280849711163686,1.2366334970856474,1.2368631972587059,1.2364254832468908,1.2268449664108012,1.241474241187671,1.2546732533693377,1.2574919909331013,1.259721174039499,1.253631360492887,1.2763689089543742,1.2740960096651683,1.2760217721907123,1.2846823053793468,1.275039094446472,1.2837864024916819,1.2942180435448873,1.266930824204139,1.266181896205049,1.257275042511723,1.235902972749478,1.2215445860427538,1.221949869527229,1.2246718312423976,1.2231421202570447,1.2228430071208694,1.2198777794106155,1.2352533670082455,1.259845810238819,1.2595117642508553,1.2588030224553672,1.263138379246931,1.262860323400659,1.2717417043136974,1.2664300131229773,1.2663713398513936,1.2686079659298304,1.2682903032459185,1.2506048693140384,1.2478140877682133,1.2619948952910336,1.265090257844257,1.2730323985187673,1.27775340299499,1.2680108730987352,1.2643633572394644,1.260526635779797,1.2786380731042706,1.2764885001240622,1.2785006716005385,1.2799296807266765,1.279471870132404,1.269062449185057,1.2763196712043752,1.2966455020910543,1.3019377375263952,1.2908513082965707,1.2960029107084556,1.2982549973171646,1.3057135917308418,1.3056283595069123,1.3147967782302303,1.3088693866290664,1.3037684391615962,1.3349841440072998,1.3679072016034097,1.3694646365173886,1.3842726125953062,1.4087538685504846,1.408247724841926,1.4242957212437877,1.4106970776921404,1.4250276661999022,1.4150057731225714,1.4096675496907347,1.3808978860663839
1.1187629356284714,1.1041955285193763,1.0794919630964506,1.0751234860409846,1.0638339212514776,1.048173608005809,1.0504295296271478,1.013483628251821,1.0104567337525312,1.000218572885341,0.985905391304671,0.9854328894494208,0.9905590274331004,0.9806456452129538,0.9455240621131603,0.941452792354416,0.9457462973376201,0.9441336093467104,0.9452766928074676,0.9548170026759636,0.9472379431346614,0.9476707822681181,0.946930013900061,0.9168420795936447,0.9183188769871474,0.9176499257155312,0.9059557883088963,0.9234744233117476,0.9359120165881086,0.9192480135460671,0.9019353610334054,0.9014065670435434,0.9214734863912919,0.922919939899566,0.9178759715125228,0.9178995514006123,0.9081736436117613,0.9140496188271725,0.9141726384046356,0.9158391606986002,0.9099956262131795,0.8952655371334994,0.8946002715935161,0.9184989355617891,0.9192358878453218,0.9152152412977732,0.910332449753801,0.9074924524497695,0.9092328112119629,0.9016904685115337,0.901513562996427,0.9040610392017326,0.9334877205026472,0.9362255277774704,0.9363361724578546,0.9508369678771007,0.9451746678605117,0.945664665275744,0.94493552510183,0.948256928361686,0.945187997620701,0.9472349342421141,0.9490244343432983,0.9478365642677035,0.9453301061546311,0.9459888016766604,0.9476941262662806,0.9501935038784717,0.9554470034050278,0.9441431952963024,0.9591935726662292,0.9567423783215289,0.9872073453021919,0.9846356621226178,0.9796897893756756,0.9845403476718747,0.9954163223553552,0.9806924947441162,0.9791848661261737,0.9909595258484688,1.000592609598591,1.0297473814385254,1.0312192836821863,1.03075753992313,1.0360743413562454,1.0400244053628867,1.0292984342886964,1.0525425758970426,1.0495884853801498,1.0364105016255687,1.0376274943837382,1.0702853155476462,1.0737595201048369,1.0715817105813317,1.0803613612576375,1.0972216253258542,1.100785690073804,1.1368621141262856
1.2078811509671272,1.1856704950050416,1.18376827533859,1.174753877470417,1.1684027293775954,1.1558914018984388,1.1537419264187574,1.1449715753778322,1.126256784434022,1.1312773376661736,1.1307088566966144,1.125257913686768,1.126328172690068,1.1033789525210447,1.042841697840656,1.0387287633804014,1.0442163772981106,1.0459080043145756,1.027493249859733,1.0299981672530552,1.0408568109484309,1.0320614368229324,1.030233920419473,1.0045054714447732,1.002362511876227,0.9863789533816854,1.013278824958566,0.9960657223670147,0.9960521360469881,0.9963177308773479,0.9982236480012106,0.9985777914965285,0.9962598497394816,0.9994219287592372,1.0028549515196878,0.9915288762987191,0.9824345689170325,0.9827860400574828,0.9824765315165247,0.9802124276940433,0.9783421929654362,0.9720472781525781,0.9734511773908512,0.9720398024723511,0.981133201307566,0.9784308781513814,0.97300601941465,0.9731563851956742,0.9739118995156923,0.980649599369267,0.9873216779629437,1.001025268164161,0.9852750262092415,0.9847093596648935,0.9888878552537155,0.9945825384414128,0.9974651732040813,0.9848890726371986,0.9856181678901695,0.9846083336010494,0.9792537110756174,0.9787667982989102,0.9762796472193609,0.9746387302136581,0.9715305367298039,0.9716313366065851,0.9644396049711592,0.9585142336364693,0.9535884057107471,0.949574299818789,0.9564970767352438,0.9565371569147918,0.9561213972589154,0.9558446595046549,0.9487262245521546,0.9426516885409852,0.9357116233639841,0.9349544336228707,0.9330393731309935,0.9313254778024286,0.9248232982886698,0.9216159299432884,0.9224595974165787,0.9201166988058062,0.9290569788546057,0.9288331107425113,0.9300435670773428,0.9425831798799145,0.9308182752064672,0.9358369607075057,0.9358950323337221,0.93353810482412,0.9196914607804395,0.919594585396697,0.9204170241167501,0.9113733924556683,0.9217090771580202,0.9159584390107667
1.2292590010409414,1.219345377681204,1.2228047666783333,1.2264703377601658,1.218190369337371,1.192223846859406,1.1901547130970005,1.1882521379546256,1.1551187330808272,1.1515349186303123,1.145148668961645,1.1383233636866652,1.1338026324847177,1.1228990732710518,1.0913230588679887,1.0934016977653478,1.092758109822214,1.092310762110003,1.0824939740895878,1.106193328943538,1.106762635602193,1.1091368034583675,1.1143906590362718,1.10550795197076,1.1070219317347485,1.1065460275464298,1.0984000025543306,1.0912021054821315,1.0962559259801037,1.1088889564430255,1.1020048871388184,1.09971507700469,1.0980774635992003,1.0951442734699555,1.095359641802126,1.0958763280197295,1.0921017129465163,1.0957455329238384,1.0944678612036416,1.0992220620682795,1.0949754798837354,1.0909696608640664,1.0902219834554,1.0921616155419522,1.0860585189434788,1.0914528571354463,1.0907531944671367,1.089473050484233,1.1020840418329256,1.1029640088939092,1.1154163288956824,1.1182998827147625,1.108953857530224,1.1137519008867494,1.1098238068559763,1.1180682969470928,1.1170607591851502,1.117412146314367,1.1175581646014088,1.1189796890521464,1.1246313119813667,1.123104286727249,1.1214149195298353,1.1187486649637868,1.1173412393800723,1.1202451918838003,1.1232395263445778,1.1281965800978224,1.125458553503789,1.1237860057520817,1.109336804619489,1.1076884338496003,1.106934656707032,1.1134888744307097,1.108770505451171,1.1092833071944106,1.1006832902257173,1.0971608199091658,1.1020543071573639,1.0808511064115198,1.0789901453383024,1.077148846821352,1.0755477194301548,1.0750446613706497,1.084063887777225,1.0764845701013641,1.076811781466509,1.07313588483615,1.0676426750144474,1.075604988346167,1.0889939913651272,1.083336058298952,1.0833454281645751,1.072968889319301,1.0715026893059698,1.0673922461069345,1.0610158253872037,1.0740402779446765
1.288470712853902,1.2841844316346873,1.2774500321226778,1.279927030811985,1.271264695960876,1.268696408047496,1.2787092409992988,1.255082036757473,1.2212962938393832,1.1959778398067342,1.1909055398997315,1.1920673895518443,1.1953402732754699,1.1901984413861615,1.1305151871588297,1.1306849398203371,1.1299064158766938,1.1204101662067878,1.1069530334939703,1.0887330048111334,1.09592091659225,1.090604389497274,1.0864861574649387,1.0932124368269827,1.0952423104447464,1.0844452477049136,1.0920074728107014,1.1311526728731833,1.151261736639654,1.1477272697138448,1.1707262397452198,1.17455755833445,1.1754164186964664,1.175171550930725,1.1795995051726995,1.1796507996774832,1.167340232452127,1.1654760713230716,1.1654266001520244,1.155728283087114,1.1456518111350555,1.1336408381698397,1.1246091080589284,1.1243120095818722,1.1210631913299098,1.1106914630626843,1.118118645720803,1.119946519992608,1.123424799458472,1.1269277748968305,1.1169897668131266,1.116810471684955,1.1330515063643454,1.1335290824078401,1.1310910265530882,1.1085956104309134,1.1087153105845249,1.1063118746273737,1.1078240539873383,1.1081825585218947,1.1222823563893864,1.1285721071847843,1.1296032937450702,1.1351120232923535,1.1417942489507962,1.141562085778048,1.1414286725035376,1.1480592712603641,1.159013932805104,1.1636237483027363,1.1458875624031415,1.1319350588887773,1.1330399425066604,1.1330876475482619,1.1316465554980233,1.1325410445707522,1.134307414394258,1.1341887585342156,1.1373900395393597,1.1203624204607026,1.1198922070009487,1.1265176192832014,1.1324013655189777,1.1355550022379621,1.1361077688483743,1.1521312390320528,1.1503972686775663,1.1527793406425884,1.1293482443713911,1.117853496237249,1.1191646796095478,1.1206117915641953,1.1207617789914146,1.1072507853036908,1.1162237528284193,1.1538250611866123,1.1527261180535389,1.1805385323901298
1.2965632018744426,1.2632252472738044,1.2691453447086782,1.2695469219542852,1.2631250993432488,1.2450099137288801,1.2248771787397328,1.2024996220782336,1.1881044915960393,1.1887376861916585,1.1773943843761698,1.1760128895819024,1.1753135810988367,1.1798941554341982,1.1522532832493848,1.1520995783643138,1.1539098180457952,1.1481929189485474,1.141010261572955,1.1182679045421509,1.1198556690841113,1.0986063867524265,1.101891959304165,1.0946999260795174,1.0959798149223385,1.0969880756141097,1.092540117706563,1.0918944320407975,1.0757011946647392,1.058883342025079,1.0503180803463232,1.0493198409647313,1.046093972715914,1.0565228389034966,1.054722276342161,1.050096897251891,1.0359907717288548,1.0392149353604492,1.0551158035283414,1.0549858314729472,1.0426389780631116,1.0271246238529437,1.0222864128360292,1.0159451838379745,1.0211600133831664,1.012066434694932,1.0132841880191117,1.0139924571924217,1.01172445645027,1.018210063055793,1.0250347995580875,1.0264913786767025,1.0218117812420002,1.0048459651091388,1.0019909646370155,0.9900108510347776,0.9908814477003944,0.9898586236743914,0.9949243738919517,0.9901696359212793,0.9858902140157938,0.9860602042157957,0.9882424660318521,0.9909128353697418,0.9997488505743327,1.0055475960232023,1.0053957825335371,1.0051758314449801,1.0026247674892599,0.994265677774304,0.990872410570756,0.9906283361985703,0.9904047615632308,0.9863568988397817,0.9870578100611912,0.9953009705927307,1.0093356835038891,1.0155301821480425,1.0174472759919562,1.0102478478218773,1.0266742750296696,1.0236067562690259,1.023139961353117,1.0256795598318418,1.0342438765678115,1.033275562122478,1.0350690291330176,1.0589511966380982,1.0482660953835545,1.06549812688377,1.0664088314460751,1.0614832808763408,1.0568010438586009,1.0332023817336171,1.0344531672234358,1.031426443605706,1.0388677709182161,1.0373508805144263
1.2411888429323743,1.2234103757759347,1.2151276087209784,1.2152910832360748,1.2098114402897742,1.191031791518588,1.1891882622255092,1.1733804252671438,1.1430554392956058,1.1372688928777657,1.1368414620945102,1.1346513748858251,1.129545411845918,1.1143035189032127,1.0901856747637104,1.093386749673787,1.0945049156541347,1.0956866263878073,1.0854341370321363,1.0562313327181236,1.0667109362007452,1.0471066192777134,1.0606762092972193,1.0564303665708812,1.0554053812039477,1.059708773251247,1.0425633971170394,1.0484207908525296,1.0650811085270975,1.055105076002663,1.0590957725575971,1.0573533816038865,1.058856744651489,1.0580182652753258,1.0553177694524143,1.0570504731650854,1.0509813825534038,1.0516487861756465,1.0576507125055716,1.0579212520801613,1.0620497306272219,1.0329943373925712,1.0297352548927645,1.0298508324157563,1.0339191890438115,1.0194718537802625,1.037309949341711,1.0342507282663427,1.0415912897654334,1.0465069007604408,1.0484691365885268,1.0523903554846443,1.0427461087727206,1.035178720877794,1.03846888241153,1.033358079906769,1.031173609211484,1.0297753473706581,1.0318613873712834,1.037194927967625,1.0450865643532181,1.0466160194704974,1.0466295885114287,1.0453904710188096,1.0464629935661944,1.0460251875562843,1.0449735275054348,1.0300044899377687,1.0270106250380238,1.0365551443760945,1.007902264393832,1.0075531023591737,1.0130101786716708,1.013480768696043,1.0094187697881263,1.0081865296933732,1.0081409929542644,1.0054863156228568,1.0043176816159052,0.9964152837967175,1.0010261467496613,1.006998265843432,1.0116422131060108,1.0110128274198524,1.0276260476144519,1.0238078392150713,1.0376609312915057,1.0316184865024767,1.0360321100688559,1.0311015627127027,1.0077111998346437,1.0073885039210266,1.0083943258052572,1.0154024530650951,1.0195807003606456,1.017852810501669,1.0107928004519944,0.9589205131986742
1.2005354494526455,1.1837497136130988,1.1712584542891595,1.171511882207046,1.1547017604876293,1.1625907313509,1.1679745415561886,1.1465279430550868,1.1380166969678445,1.1288529677782875,1.1370887983224862,1.1363182003329781,1.131211852711158,1.129350001835664,1.083588179962501,1.0802222260933259,1.0794409099671323,1.0783126587085592,1.0714337964427776,1.0853510626532494,1.0916114144237659,1.1020693386856295,1.102256986187017,1.0812530748413813,1.081601040953952,1.0686717567359396,1.0629879047891413,1.0611936732983613,1.0707608253427368,1.07087762433597,1.0753939003718809,1.0747640748765097,1.0793060342247192,1.0789710306746023,1.0789082897202673,1.0817831637540407,1.0842184204262701,1.0874928189449424,1.0903898680883768,1.08897121189559,1.085865610840812,1.080337361846699,1.0735812326493568,1.0729778222910817,1.0779161125500367,1.079584954650791,1.0754232443897727,1.0712445098460086,1.0754146916412914,1.0767655103446485,1.0767081514149137,1.0925158751076578,1.0997544863946447,1.0961173543909373,1.0969440113161428,1.126689284837956,1.1235507985293725,1.1226855936506657,1.1207839825861083,1.1308487190199223,1.124010827010776,1.1194738602704408,1.1192456665147572,1.1168152721593534,1.1136017067398225,1.1261358180545755,1.1254862481505772,1.1250280194826747,1.1238875478876371,1.1273954884748332,1.1396939416065703,1.1558014175017142,1.158725592351411,1.1551786931238617,1.1548737826404605,1.1551618476284315,1.1599311001141883,1.1563919989312532,1.1480656135400935,1.1194430492255716,1.1250457201851758,1.1298824386049957,1.1287165184840733,1.1280439854431599,1.1229545786098718,1.1238981336058536,1.1193877117882727,1.1170425230674643,1.116357937856387,1.1182344472167678,1.1189523340132506,1.1123578846904698,1.109132596258874,1.0895327822905974,1.0903530966772859,1.0882500929109717,1.0885860998818684,1.01525335150359
1.2859593786080252,1.2850606643288753,1.2696012928849487,1.2700759812716043,1.2628022916718398,1.2310395913593617,1.2409459641776566,1.2282317600421522,1.2073379952783116,1.212590358268034,1.2078371678789366,1.2038877262899925,1.2039451869444202,1.189543517862741,1.1859146154376856,1.186712563477096,1.1844150446839738,1.1818577858850485,1.1734682382857604,1.1541587716202795,1.1648083151731172,1.160045855160385,1.159795199969275,1.153330077616154,1.1536559759690062,1.1482100924683898,1.1381225367217658,1.1429440982160264,1.1371610303643822,1.1203995244750415,1.1175147995207497,1.1144463111804104,1.1113968090382262,1.1139452628997055,1.1136387639554788,1.1128416381281998,1.101042134535523,1.1024345474516586,1.1019855549761763,1.0972226541168424,1.1042981574155941,1.0904210563080192,1.081613253614675,1.077177171265125,1.0799544835852815,1.0769873596394617,1.077125816460082,1.0801420204997283,1.080734518923963,1.0911800479690539,1.0914705686683477,1.0984742872606466,1.0774210663793231,1.0802526239770565,1.078155334750456,1.1021875806396697,1.0998011898806894,1.0921958214833212,1.0893281831222745,1.0892404008867962,1.0959308714376157,1.089217157850821,1.0892962621115665,1.0882361852786655,1.0794174376421608,1.080916219424552,1.0838937140745866,1.0775014719571838,1.0764508989934778,1.0651224139578466,1.0660311655360182,1.0575581256067994,1.0565499800649245,1.05300213180442,1.0523142145468456,1.0500228864495165,1.0333616319606058,1.0328924589292028,1.0298191948541149,1.020903405541004,1.036679375504778,1.0407999478688656,1.0423689570909276,1.042209336456631,1.0378339748612138,1.046071481083435,1.0487437794761054,1.0446520967360065,1.0224941161846313,1.0177834864170479,1.0177327572824595,1.011549922114121,1.0094414019986508,0.9704177756366287,0.9629657217643915,0.9622193310180573,0.9467862373135973,0.946569499211411
1.366812140593422,1.3453152866427418,1.357245148795665,1.3633800450580469,1.342523019578617,1.3174501449294047,1.2919328575295417,1.2820275939768113,1.2700283364790759,1.2879704441647724,1.2779820575124803,1.271553500611057,1.2718958810120398,1.2659559181739075,1.2278854562506576,1.2297036693161982,1.2312875813650976,1.2304005001888225,1.2248357159615493,1.2270331309467124,1.2362685823302826,1.2320986999262111,1.2377584704781606,1.237460838122901,1.2365981873865632,1.233041394525641,1.2347600002024863,1.2087952503952222,1.2203384067798884,1.2391895774092239,1.2313190268779424,1.230485868524827,1.2263909108281719,1.2248753460885289,1.2266627700815582,1.2310716752683086,1.2227345348198786,1.2284384553226377,1.2281812808194918,1.20616096612115,1.1910532911108547,1.1875448893922373,1.1897534422022682,1.1984628066814131,1.196493066942722,1.1951297969209318,1.2212691335650987,1.221215180746191,1.2244531547320288,1.2241160856378934,1.2241909830806692,1.2231231049108435,1.2185183700944269,1.2187613365863001,1.215553499484808,1.2168907835138447,1.2188717757297582,1.2190990772254917,1.2322406867171094,1.2328400480172663,1.2329112802445434,1.231103922627403,1.2287002228477215,1.228191750254566,1.2249888026562372,1.2250228330584445,1.2251599550619299,1.2253320400699774,1.2254093175341045,1.2253512498113475,1.226712128288795,1.2399292927012127,1.2404722594352884,1.2605633144364408,1.2507477415791632,1.251211212498018,1.2484605849834711,1.253849197851021,1.253324763518745,1.2805407855383273,1.2809538596499188,1.2768139194469854,1.2750498507332766,1.2815201923168273,1.2943692433983465,1.2937253802708837,1.2932256939486755,1.3023285542531187,1.309782597835132,1.3082447679973983,1.3085050465220915,1.3030836189154529,1.3095839160081288,1.307468410020271,1.3100319260582944,1.3121704813441255,1.3123417178875663,1.2906720928877686
1.2599289072128945,1.2508972166497874,1.247229127305529,1.233624166980456,1.2117903023923513,1.2301047991822913,1.2207085217063813,1.2052614609424694,1.1590682584154903,1.1475073897959143,1.1406391923696242,1.1270565984561767,1.1299345180514084,1.0964863960609261,1.0694579677314953,1.0691741455960697,1.0947804627024051,1.0931927919733786,1.0818106587462657,1.0764631494603563,1.0857997569301037,1.0858735140160676,1.0885274662242532,1.06389257683207,1.0684858885732667,1.0587430653177345,1.0454783559503116,1.0384986451379459,1.0376102448299844,1.006963920492078,1.0016008214906906,0.9838384866008003,0.99782446962965,1.0123908112866316,1.0130418223663016,1.0171551732203594,1.0209671920147283,1.0411137347605415,1.0388907031626582,1.0353142668617252,1.034281841248002,1.038993117132062,1.0401724091040074,1.0300133268701153,1.0251487654076046,1.0229623599268904,1.037896042929001,1.0378320309804645,1.0426064935309483,1.0464665114778446,1.0458693980631228,1.0473288249156558,1.0418773458008341,1.0406073830956644,1.0398718983343431,1.0448908961180832,1.0457585187675489,1.0560446157348002,1.0568093805998384,1.0705020083698664,1.0634349562338368,1.066631826567354,1.072342003699241,1.0770659663845419,1.0801527057259024,1.0766636016957103,1.0755843767169506,1.073998723010565,1.0741194148873203,1.0713997346294184,1.0902945422783175,1.0902145870927757,1.0925653082399085,1.1068642069596983,1.112384729089137,1.1123843115997543,1.1132191330421914,1.115162454059231,1.1152044048085339,1.119693550937236,1.1337344776675777,1.1376374252633958,1.1330802322775095,1.135432458876775,1.1451001958167242,1.143098570901179,1.1590416703299231,1.1661555103532817,1.1673934054085695,1.1676756566552486,1.1788202960445358,1.1819908334109432,1.1902906230011985,1.2164134420746937,1.2199078387571662,1.2258873620407544,1.2283913467872365,1.2577875210494132
1.1746092803322161,1.154143052221927,1.132935477276754,1.130168953458777,1.1283764512052408,1.1264159575924348,1.1226401079853277,1.1226449932764073,1.1082081212524495,1.1048098794437613,1.094964709401641,1.0928828754964002,1.0929942992596295,1.0902779369028477,1.0591249334376451,1.0505411970082976,1.0517834695194974,1.0434977834956511,1.045238034508724,1.0413723605317093,1.0443927853196064,1.0461247680157768,1.051977696686726,1.0320309893453958,1.0459179377486651,1.039197277003174,1.0442797702611708,1.0288086286619824,1.035120674380837,1.0398559864536399,1.0461787209919065,1.038675818136392,1.0438927717008866,1.0486798875747914,1.0486725391400629,1.0492841877075116,1.0291034893072348,1.0275400390829192,1.0281276139689397,1.0094250613758171,1.0089119935857074,1.0065301626943866,1.0084053233309556,1.012418272038853,1.0018308827069093,1.0013292400146763,0.9912488095391604,0.9923226782696745,0.9966024462816433,0.9927662674062591,0.9913444867842045,0.9924507685756003,0.9863431349178771,0.9760317513324072,0.9700165732421381,0.9845129543484192,0.9813305049814456,0.9799019224859266,0.9786808946975779,0.9775736611482665,0.97213897326837,0.9810193666700613,0.9806418316587004,0.9801037378587478,0.9920690160825923,0.9921385296097377,0.9856678928069721,0.9601735497034047,0.9598977012455793,0.9574746998166669,0.9370294967685787,0.9469373487129101,0.9437326979842857,0.9433285956372374,0.9331882100175222,0.9332444605785652,0.9332851837164476,0.9337800611188646,0.9332755838996417,0.9354745579750557,0.9610831831393957,0.9622890172920747,0.9564137516267421,0.9617726771847166,0.9511529028157436,0.9460764749165705,0.9276226850550865,0.9286256486674914,0.9117153871001716,0.913703284243578,0.9140409599318676,0.9195877544996325,0.9227136236581089,0.9220136899793441,0.9218455432265635,0.9153030383910716,0.9164574609353091,0.8979387523816512
1.2078195897671307,1.1799748395762157,1.1787858498128114,1.17400155787991,1.1692404486639778,1.1884194127086536,1.1746433897767103,1.156778944958497,1.1448125578338406,1.1365927083094245,1.1126356126178303,1.1031549115259898,1.096464916704677,1.077713068336493,1.0617770002098685,1.0543822539422594,1.0703503199517717,1.0722917048476832,1.0697300720506253,1.0504724099307237,1.0548552667712403,1.0517384100382132,1.055910840584609,1.0288954808470745,1.0294286022601062,1.0235650673265229,1.0247519974415225,1.0262362317651383,1.0249273440991167,1.0239288967181224,1.025546523988688,1.0258445491802828,0.9953443728917681,0.9851878115664907,0.9866487995775677,0.9850177864033401,0.9913678055461899,0.9957913045035341,0.9969510856506082,1.0034946406329401,0.9982837443162761,0.9923217690494588,0.980218764852836,1.0028716923968375,1.0050417410330046,1.0061817801424746,0.9966632934012861,0.9968183063751912,1.0010721735886428,1.00784521214941,1.0127126042168944,1.01031410212239,0.9824857636134811,0.9567624257818764,0.9568168555463302,0.9888182291398435,0.9885884347259121,0.9808882581424198,0.9810004332366546,0.9734088761052497,0.9829528164265012,0.9865993762583709,1.0043730168718432,1.0059329518315832,1.0120857033835595,1.0113450170091363,1.0238184352445,1.031735956130869,1.030886981360714,1.031679031455753,1.0295571905745182,1.0608884508378917,1.0598639635839833,1.0586794165028681,1.0453479296518493,1.0579534918731017,1.0562314265819053,1.0563356984561312,1.063983262370656,1.0609861223270467,1.1044177730779594,1.106617511382355,1.105744661229046,1.1104171694958507,1.1121931851450841,1.1148856290821423,1.1335358303205239,1.1416336826286473,1.1263639355045312,1.108249355434741,1.0863799831783845,1.083740776082937,1.0833689412126393,1.1171006729131967,1.1177560745054065,1.1204088341104665,1.121559445813965,1.1353935034217966
1.2920914566788138,1.2833986621177074,1.2754174493622088,1.2738547243145795,1.261310560171703,1.1960688415705811,1.181873238908973,1.1682429245970405,1.1430565376372923,1.1407475427922145,1.1375726233102936,1.1244682708952667,1.124821666012928,1.111768459331235,1.082115937559004,1.0671528438102953,1.0656887499451266,1.06011831155953,1.0516501697010912,1.0646128593756514,1.070190209228015,1.074522708986196,1.0727339539263052,1.0727118090726142,1.0777734425998318,1.0782109628996985,1.0721154727333078,1.0768143568672266,1.083269214670735,1.1016739260626986,1.0929066472339157,1.0915502464860398,1.086559465830541,1.090057927296151,1.092620933258452,1.0920202975955797,1.084698276936763,1.0849280574624625,1.0893423262211097,1.0798279846929464,1.0640060842205308,1.0477884047572716,1.047688501850711,1.048209589282695,1.0482434673072314,1.0407346324781162,1.0480010198283307,1.0486021772294254,1.0462542274941593,1.0545100427790166,1.0681926666712518,1.069894774128451,1.0581967247938169,1.0506770985827882,1.05320932275385,1.0532574809163744,1.0629656685878806,1.066491995253379,1.0661265926259584,1.0658699943599093,1.0683765999207366,1.0674223367702556,1.067032466727209,1.0736803872518328,1.0786544480751699,1.0769362741886226,1.0824272451586439,1.0675208705030432,1.056338941900703,1.0510894046295916,1.0386987164541714,1.037782143752,1.0389303381080959,1.0463155573354257,1.0419670732310296,1.0431650826435672,1.0676087234735259,1.0631688384091378,1.0753157171398962,1.0604283958590062,1.0676274025206944,1.0591299126209275,1.059182875794557,1.061554855274513,1.06355396749954,1.0480127380996158,1.0564254226959893,1.0450081719233062,1.0431742151372008,1.0326381600973598,1.0341915921715827,1.0410334419221767,1.0476390658397257,1.0467112506572371,1.0565500859682102,1.0609842110634982,1.0606521887187463,1.119923692883539
1.3581149284785754,1.3322713895034424,1.322480013336697,1.3210826382855787,1.3152210617142808,1.2729521891178441,1.255932703251069,1.2575752018879298,1.241448239473611,1.2427318422609992,1.2400729423067713,1.246417749760683,1.2485222614896259,1.2481131151679958,1.217411240671416,1.2164010534119072,1.2265384152766632,1.2233407754683883,1.2340468619586775,1.2166335327227589,1.2197834181004201,1.2228650891005095,1.2230203675287,1.2276617707857307,1.2259344139554111,1.2204669831158619,1.2128330248390669,1.1926097639725886,1.193867715737183,1.1969333743949302,1.1893970053726488,1.1863045321025563,1.1700188780310037,1.1558902210816047,1.1561068589988386,1.1558561287853772,1.1550104744697989,1.1546569842117644,1.161803704246502,1.1668796753215287,1.1474132490264244,1.1315223780419748,1.1234030879634402,1.1199887687957768,1.1204877526725672,1.1176662011439757,1.1390702106909998,1.1382549440474505,1.1477907414447501,1.1323870629225021,1.1321843815964645,1.13057952926665,1.1251466365552165,1.1237723771487338,1.1271726444249566,1.1308109181357235,1.1203064095339224,1.1205959012383093,1.1277113317801228,1.1152969363731025,1.1163801173545727,1.1172150494001416,1.1165288790125563,1.1159936245034836,1.1266201576615438,1.121080077348904,1.120357709184403,1.1200491360759701,1.1217835233063445,1.125722799245022,1.1072916005151876,1.1041347231284255,1.1088007678497205,1.1267573081774203,1.1262208926100812,1.1378924217529998,1.1512652346723535,1.149542406318584,1.155764635377026,1.156002236879887,1.1588911559553687,1.191395532710356,1.1913743157348184,1.1973970153292428,1.2139929740930184,1.2139759469977935,1.2008854678239385,1.197200608776892,1.23916293090129,1.2710467598141606,1.2759696895157262,1.2792922406651699,1.2753610955350625,1.268763645096729,1.2643316832434035,1.2645814224047407,1.2747760544853746,1.251748251384578
1.3066138540627386,1.2815050802063672,1.2868626042897375,1.293145195675436,1.2753751021347137,1.2502586196283014,1.2476630163977787,1.235370330083717,1.2622781337207423,1.2754335407878257,1.267878629847758,1.2652961809026562,1.270319288109461,1.2707488076607245,1.2335550054305866,1.2301054573997492,1.2440922809576698,1.2448243226580111,1.2268235581890412,1.2287370435637488,1.2259450585454865,1.22368896276032,1.2178340230643452,1.2300084443175061,1.230212551212662,1.2285984279636313,1.2074232469248891,1.2121361723497839,1.212754089062731,1.2048835753996652,1.2012751806149264,1.2013314469132428,1.2047479663263856,1.2100429316916739,1.2102030658680338,1.2135876238473844,1.2135536134824156,1.2128619725464054,1.2058809439861051,1.1913093627621225,1.2057985680125878,1.2085083491578488,1.2108232773486487,1.2250160185938976,1.2274534835091564,1.2253642798036686,1.22516371978064,1.2160681181703796,1.215302501322741,1.2108081221802236,1.2121854954112676,1.2120336489048515,1.2308586971135131,1.2357254661360204,1.2350366802734853,1.2269625220901905,1.22420629547486,1.2254036383446067,1.2245081184619897,1.2244403396304593,1.206789313677603,1.2115420493643876,1.2119343439612358,1.2037765133342642,1.2054779850313517,1.2055822726905407,1.2052556261351017,1.2059701510653116,1.2094844856494602,1.2105105217445606,1.2266907089416652,1.2172689003706707,1.2172364972710907,1.2217447529228576,1.2168731690849048,1.216619678218139,1.2167821632158475,1.2199816820679334,1.2337968642306265,1.265461591773573,1.2636689331027124,1.2618215357260907,1.2616273149877122,1.261472924432217,1.2558205863335337,1.2566313690999298,1.249393093796041,1.2433608884953444,1.2403551692094852,1.248567676050114,1.250237099638581,1.2591471283933835,1.2532202063365192,1.2504718053570898,1.2421974341617465,1.254191986384222,1.2599711160770488,1.2815275644280577
1.1593184605650273,1.1506793240559021,1.1440042643484256,1.1389487214616751,1.1342750079937642,1.1091921517891001,1.107208337108135,1.129855476710038,1.1154261004222328,1.1040174709280561,1.105571880624256,1.0861202822985465,1.0861336766801666,1.0924051986211225,1.0736318011512929,1.067529120158351,1.0664653856591397,1.069987253871767,1.0700143027182587,1.0672684772601966,1.066551187705654,1.067375744097772,1.0620452117120094,1.0562324114275912,1.0568145055679437,1.0651277594726651,1.0672882782126778,1.0657481670052042,1.0631619601650615,1.0538587001971698,1.0530120530008784,1.0580629856909542,1.0595745605696694,1.0727419121130493,1.0758095495926963,1.0836950869891788,1.0760240086142934,1.077280620461082,1.0682114475472904,1.0549378162657783,1.0663790405499292,1.0676926550752965,1.059499693142063,1.0548464976982532,1.054165112910222,1.0456617543893205,1.0488876467625807,1.0497067374236273,1.067825311976152,1.070569829251262,1.0768331027195615,1.0754948180534996,1.0729853696368297,1.0861579147634253,1.0938020992430688,1.1185784889297248,1.1140636149520966,1.1190262302403409,1.1175004032895586,1.126317562640414,1.1181505723347944,1.1192051326422143,1.12188903068926,1.1180069769082048,1.104597040088817,1.1147591644661758,1.1216281804985708,1.1299255324477648,1.1342810591001413,1.1269512159221498,1.1052655925987265,1.1033562884577042,1.0994045388667006,1.1042064752834442,1.0987710015016674,1.099159523363751,1.0770963409085477,1.07421311887454,1.0618407995538424,1.0623273155686577,1.0588865703878736,1.0662558813780787,1.0707403615492888,1.0735146524954118,1.0731546280938475,1.0730031359876344,1.0735833468812714,1.1009808656502285,1.112956797664303,1.1134516600419275,1.133518127564353,1.1490604923859107,1.147969767730719,1.1470329310907204,1.150130578472044,1.1550326151931176,1.154251612582037,1.1814436455166735
1.184575459440025,1.1856745683886496,1.179470836935495,1.182350360843986,1.1566386874515397,1.1512220058335936,1.1643271942187292,1.132463395996592,1.1022315623568768,1.1140353931068958,1.1241924118160567,1.1003191436663537,1.1060603160181701,1.1101235018185944,1.0884180004139932,1.082613204709971,1.082191729286568,1.0820572498843974,1.0730793331963344,1.077931161760167,1.0732689041529115,1.0705750085473207,1.0700176453915695,1.0601568590918178,1.0607376507370025,1.0601489192633595,1.057916960053234,1.0552898994508726,1.0561812867408205,1.0671820867838544,1.068466577184328,1.060049638520125,1.0697055747897428,1.07148050651472,1.0677514446645913,1.063684253707259,1.064285916715896,1.0851685096040253,1.0851456489007203,1.063929666058195,1.0660479396202276,1.0627951443996106,1.057160454317439,1.0556833064979911,1.0539189614442919,1.0516729245418144,1.05187344508452,1.0525257153259984,1.0480173902863916,1.0522807897992992,1.052411998453932,1.050471847715012,1.0519659036462228,1.0535589429439998,1.0554434210247028,1.0732636532032247,1.0737685604696006,1.0729097428714407,1.0737054046941272,1.0665963075795373,1.0680287570552456,1.081249698055768,1.0802782332965781,1.0801969893074617,1.0997090519620754,1.0991949247444484,1.0911610662662032,1.0874274134508075,1.0875333120984667,1.0980939021390816,1.0787041081520876,1.0818210537842676,1.0879827701596245,1.088912565066334,1.085538812753162,1.0681208717331159,1.0718469285586354,1.07022596361969,1.0702126967108274,1.061542787533423,1.0565580675681774,1.058364221345434,1.0597253380979628,1.0561711492141026,1.0539654376748946,1.0527642552861929,1.0529253715087636,1.079869881544508,1.0782017588975814,1.0708752078129862,1.0470872486553777,1.0414128712705035,1.0360529876487903,1.0258972924538103,1.0285058505008615,1.010858518271268,0.9994986984182624,1.0268279096519441
1.269973795549784,1.2613559230506213,1.2584913201357386,1.2504012008793859,1.2391085331253782,1.180276077147529,1.1767797479821989,1.1737172633877522,1.1446465373115025,1.1455024512812748,1.1356881947292672,1.1350748065490621,1.1333282108857683,1.123211888933928,1.0616794389519213,1.0642818130265366,1.0626896666951215,1.0650559206003698,1.0621801101391188,1.0430801285792606,1.0460146709998346,1.0427706987175605,1.0441090328901623,1.0255273977712929,1.0261902221092027,1.027484590928997,1.0146083696283372,0.992576004263663,1.020658017669024,1.0213082386500605,1.0436501756841998,1.0418952746570127,1.0393196980585018,1.0487126098737773,1.0487530857813678,1.048839497511393,1.040170467689368,1.0298002423001427,1.025151544883163,1.0336842532425987,1.0249758571145071,1.0362334361836598,1.0292708616564519,1.0412226183583997,1.0403510006007641,1.035914904268837,1.0364373327534147,1.0380173126457726,1.0419597199773236,1.045340906535523,1.0655550543767545,1.0592450497485522,1.0479501437462542,1.038515523544865,1.03862063008018,1.0748831543352197,1.0728279461303107,1.0706002349829902,1.066403598145753,1.0655029904677866,1.0600530360964906,1.0591708255971626,1.0607846008842396,1.0623618999909428,1.0628807606252568,1.05964381320793,1.0486939463988205,1.0530291229618465,1.0643601249027144,1.0642217662193356,1.066345640308333,1.0661322709023764,1.0695245486858211,1.0703477688645715,1.0639622256124934,1.0650410839224167,1.0647174841282137,1.0655889001014245,1.0625794027571707,1.0699665578074606,1.066002039730668,1.0673520102483551,1.0662285569984782,1.061235828615984,1.0583289939541254,1.058328060562273,1.0624361546806504,1.0629262429649609,1.0574896906630342,1.065767071946129,1.0382596847831838,1.0475351230843646,1.0394160776937809,1.0626071885678412,1.0674832093034425,1.0671318069111455,1.0629941747050338,1.070143006486184
1.1969441829502725,1.1773269025237962,1.1713221810618988,1.166751897946719,1.1420135650936452,1.1118959996146645,1.110381270185721,1.0810636094442614,1.0700548370199452,1.0760425103579567,1.0714087498227214,1.0702148620007135,1.0705986552561628,1.063765903278167,1.0319083809163088,1.0297799516360648,1.0351817813122595,1.0333059642280238,1.0340545751537946,1.0356246520361732,1.031603951936062,1.0290301812674176,1.0290298273895864,1.0312734588574033,1.030455405407872,1.0235801769495012,1.0060687558267847,1.0148565353705987,1.0152986397554726,1.0257507135569233,1.0300667607599385,1.028744398860129,1.0262243078302196,1.0231981763125588,1.0218527699770161,1.021853668379216,1.0148941204318414,1.0192127630244603,1.0217491752837653,1.0260604310779575,1.0203285146791197,1.009024833478522,1.006435811596392,1.0255342439278516,1.0140632197092943,1.0148963395177877,1.0191725371946996,1.018516091866284,1.0143552073911337,1.0187075051401668,1.01946674611166,1.0209208254898203,0.9971723234894859,0.9973161482326965,1.0011803507630337,1.0167857028303546,1.0157352644732642,1.0161539049467259,1.0181739289575553,1.0198446800773902,1.0031231958340585,1.0027996754427824,1.00327895161576,1.0056814451490852,1.005359508097719,1.0040511274568218,1.0001731620541736,0.9996595026764744,1.006011445142277,1.0043737209939085,1.0054461914752995,1.0101290504563876,1.0108125175957183,1.0098718462169434,1.005654368762591,1.0086968628309803,1.0102511099380918,1.0136153590817119,1.0130208692197271,1.0140060122831072,1.0183315201071796,1.017184032541682,1.0252080329231716,1.0332622598748933,1.0319334981033097,1.0327593556415178,1.031282117136,1.0846960512694341,1.104132456539509,1.099649583530472,1.099032620321426,1.1244953129768724,1.1133139925655104,1.100656348727206,1.0946243494582726,1.0818580042799142,1.0823766117278966,1.028839182359683
1.2382245915204337,1.2188728455937587,1.2101717919337136,1.197122989609595,1.1946415307028124,1.1721337682668775,1.1721426821110033,1.1672043830901946,1.1534621317837168,1.1525426252045337,1.148793866641876,1.1260711021088876,1.125087859138808,1.1051509089158496,1.0661802864810577,1.0646284021777246,1.075161526015945,1.08120178641066,1.0715536965098467,1.0650359682742614,1.0697137164267334,1.055038818005166,1.061804884653498,1.0632767403886807,1.0646918900259121,1.0627324500241397,1.0667441082824267,1.083405859540265,1.085247131279202,1.0892818945482563,1.101383353906421,1.100849233746865,1.1023143416846777,1.1065373516906842,1.1106078428884771,1.1101852133886088,1.1123740786355798,1.111322476799112,1.1146459879329382,1.1120383577450605,1.1075778323638448,1.1002630554778658,1.1011671582045892,1.0988683454821182,1.1031503844083246,1.102865472537504,1.106358593045988,1.1058994726424498,1.1040461934528008,1.1219091971457344,1.1241688193963353,1.128766988314944,1.1373749964815247,1.1365167829931453,1.1432160134359513,1.1545470664243445,1.1551951155087032,1.1538696783139075,1.151653114925318,1.1513770368702136,1.1410155904362589,1.1421705447041124,1.1332963250775168,1.1334606123434727,1.1338014502396383,1.1337009102808693,1.1346846361562979,1.1339135588411013,1.136057481395623,1.1227503930519342,1.1219728816906729,1.1216851601353441,1.1289764463492662,1.1281856078139483,1.1208245755873008,1.1163886063803734,1.1129928876619428,1.1157489539373353,1.1133274955102337,1.118367049217972,1.1379836132522925,1.1308536370531466,1.1309587852565997,1.1301736181511326,1.1278493667421154,1.134375653194143,1.135480615616033,1.1391745192706804,1.1161561630603767,1.097961809901244,1.1013619941167607,1.0964651521753899,1.0978342789561892,1.0957056495041302,1.1022998511788111,1.0992457284323147,1.0985266361514703,1.0904638023097437
1.3162535991899278,1.3083040824405032,1.3004046067512989,1.2986205637225399,1.2784722869190752,1.2885273352842126,1.3014985271476645,1.2814119684431122,1.2516786704172034,1.264428466359868,1.2592526824492034,1.2498888744579657,1.2569355718691129,1.25225736918795,1.2221590064408077,1.2215862085564835,1.2372924436091919,1.234705875433093,1.2283364107344947,1.2395818085542658,1.2380267896903867,1.2372934196796908,1.2346584227581545,1.2315175423957772,1.2417808927449734,1.2337075232248182,1.2346409825593152,1.2239741802313726,1.2241512260752059,1.216565144758051,1.221769631645397,1.2203424455645242,1.2066170500117328,1.2062405124214526,1.210403047116779,1.2076371703352216,1.1886198255961438,1.2016720468671034,1.200948347512696,1.2101136165658537,1.2028830237719248,1.196788716450657,1.1948914286096244,1.1692775582930455,1.208926278573671,1.2129981880144272,1.2146469268728466,1.212765644690819,1.209604558649407,1.2202932469164736,1.2257592741011734,1.2301828449296106,1.2259950150825079,1.222625227068858,1.2195832333134742,1.2120512108693773,1.2095054763633837,1.1961186599176417,1.1972081707209739,1.2090137778844219,1.1964634851059073,1.2000450599961836,1.1963770461290055,1.192370824810284,1.1860962987211834,1.1923156609173258,1.1904207077896936,1.1907856261183438,1.1926184963074524,1.1944858093182602,1.1903740361349928,1.1821542027835574,1.1811035847227755,1.1803854571481645,1.1672643418389756,1.1681972511123682,1.1435429456605049,1.1455670803900593,1.1459586315486547,1.1476209362826544,1.1585959652515483,1.1528002678692837,1.151666892655851,1.1509828060154252,1.1590227978012209,1.1494152337986898,1.145784266001234,1.2019102598638256,1.2107224584281164,1.1957488802612406,1.195382645115513,1.1872976972301048,1.19506784013653,1.1939813778903756,1.187643694589004,1.1914381242168308,1.1919142892903258,1.2294596316527544
1.3297140717735232,1.3050180960870739,1.2967364964477182,1.293161023275824,1.2717892617987043,1.252420219261499,1.2392865404800826,1.2500623069562486,1.218123271458329,1.2118309164860153,1.2132356601441014,1.201108222339389,1.200187684076649,1.2019166898298164,1.182011796383837,1.1871590109308705,1.212675966954292,1.2095379280627838,1.2022891733020955,1.1996778654923579,1.200193913164654,1.1946492838271106,1.1945375078059146,1.176310448457903,1.1724416278796643,1.1700870472762643,1.1673345457074304,1.137824086126752,1.1483331393630218,1.1612584517050664,1.1745187266524661,1.1725501556902678,1.1703962056268788,1.1712580516950946,1.1600357189088693,1.159996031005678,1.1628206261557115,1.161567299363835,1.1605393406717588,1.1483640753288047,1.1446412786860911,1.1511636627712174,1.1560411433734843,1.1687528756790777,1.1647672395564646,1.1595276614534877,1.1695975112158845,1.1570763648373472,1.156621830521664,1.1655935663350692,1.1701585165185209,1.1589942797718955,1.1777551590518962,1.147412331232247,1.1313172527162334,1.1442170100254578,1.1410676196204819,1.1469859841012249,1.1468774908049835,1.1395554929702827,1.1408378263436387,1.1448483456543157,1.1466594316710303,1.150292266422774,1.150765186082187,1.14987618539575,1.1455106942267128,1.1452249734332487,1.1457859655778466,1.1510394563906652,1.1482030600612514,1.1487403237683356,1.1548840103330402,1.151801992129961,1.1468181044876362,1.1561153474052424,1.1545520167763212,1.1475405032436552,1.1523011699029047,1.1253545659663389,1.12481802137119,1.1046427120955853,1.1054521792431802,1.1065815527221894,1.1190157312297464,1.1219730910753067,1.12807674863465,1.1494588838997022,1.1491629096804903,1.1504691196861851,1.148194989698467,1.1548961764018235,1.1452802301133373,1.1508258347506215,1.15171098996792,1.1444948331442981,1.1460997535188473,1.1273040037929112
1.3265001293835623,1.3034341704225934,1.3077068968446,1.3141965740281756,1.3013812543655334,1.3119687301784242,1.2840483314927202,1.261569840989109,1.242469008040896,1.247960374344426,1.2084695022767504,1.2060098628105116,1.2071410133576743,1.2144194447367624,1.1656658749924038,1.1622586275593754,1.1608335573727957,1.1540865294016627,1.155477226299956,1.1426867637725011,1.1538747127172555,1.148193611322855,1.1469692507460714,1.1532559457030165,1.1532980730776932,1.1534770404608912,1.1544985319161198,1.1567886659355302,1.1677702558659597,1.1841927451660692,1.1956644187939693,1.1955558074738022,1.1957339487135386,1.1949731186047683,1.1965440108407226,1.2081030138413018,1.1956869450883323,1.1955116811309727,1.1860984937249952,1.178272411188869,1.1662762882850515,1.1563978231789018,1.155395294087582,1.1474842577888507,1.1449186668287026,1.140480991415752,1.1459355419156971,1.1442796766170182,1.1374180885376832,1.1381177805738307,1.1378238478952458,1.1419998279618582,1.1458349588078445,1.1511462692645933,1.1511472541970469,1.1548981501198707,1.1495535140932636,1.1625664109878266,1.1566584423724964,1.155550251575653,1.1495262535431847,1.1515042047956876,1.152418060079599,1.1530675733347284,1.1541062125286128,1.1610739799114074,1.1569113098028139,1.1609787546041928,1.1549577830106506,1.152947694296179,1.1383475278837323,1.1355320143666627,1.138300175400333,1.1341163785713153,1.1451266191134968,1.1486929053216626,1.1428959752010814,1.1400569906419595,1.157588414268343,1.1521619377251608,1.1537161096519908,1.1551392686282966,1.1534890911060969,1.1512647020167974,1.1493029732424613,1.1485684292662242,1.1491499989810037,1.1446070952825877,1.1354626221814603,1.1195151645508004,1.0988832196103882,1.096521617612384,1.0781633749283692,1.0610799485247324,1.0590466398755318,1.046689677131438,1.046513557508327,1.0396757823870206
1.337505927046851,1.3218346153382672,1.2919605757450365,1.2772783349281118,1.2674431275034566,1.2227209268733745,1.2199468480069875,1.2078299898638545,1.2036196308786937,1.1955712980166868,1.1968034551099016,1.1787393208623291,1.1777057573566088,1.1834718464607088,1.156650955231861,1.1420739273200187,1.1448080566683736,1.1481313570979592,1.1481333400489524,1.1415952930101478,1.14730497502412,1.1524822110579458,1.1519101845927109,1.1376875544357132,1.135919995611297,1.1300281721513692,1.12708060797419,1.1299362812100586,1.139633933913259,1.1334337263158272,1.1314295699783592,1.1311145738575887,1.1574754138861802,1.1574490210080202,1.1618967210296192,1.16225655396004,1.161446620387606,1.1593600413744716,1.1598643396931703,1.160164159903844,1.1725302627426042,1.183460726169284,1.188013846052433,1.1903967747365534,1.1717077851550222,1.1689570727455572,1.1697535529124807,1.1717474525944873,1.184489455687289,1.185324622394933,1.1905073728348061,1.2058813021968975,1.1774842573295954,1.1811931791776333,1.1791715869064872,1.1821701478080209,1.1664871319607004,1.1607799579206939,1.162926361480611,1.1621415412168234,1.1504066821697834,1.1480273386239186,1.1512069914081164,1.1503646621008496,1.1633181892518163,1.1669108413461269,1.1786767514768934,1.1818506132283526,1.2068453531045618,1.2032572888961357,1.1721350672855646,1.16854119203645,1.1758071409467712,1.1833455926942438,1.1843244423575736,1.1867952409125495,1.1933845956976241,1.2150162428819962,1.2158082617389239,1.2172483020602471,1.2213978739488884,1.220371901514845,1.2198455533688586,1.2263917483946638,1.219184154215044,1.2243615386405673,1.2216123202607094,1.1937536532140174,1.1936312948617276,1.201285700911463,1.200663468232758,1.2117994858862673,1.1861769813623577,1.1747751132204785,1.1726688968934653,1.1711343179814255,1.1511480260278084,1.140020972807738
1.3127653957309235,1.285369022261501,1.2797828167947551,1.2789625477990278,1.2724036324622257,1.2324203290205613,1.2382630029277222,1.2233450292354071,1.2294952336453129,1.2517602579271323,1.2354825253738366,1.229813466857267,1.2295399035658747,1.2090415765110767,1.169014534614217,1.1932831808018465,1.1933307572757699,1.1933776762179433,1.1836815137321366,1.178416198656104,1.1771049349231324,1.1745149538795783,1.1721225436886542,1.1715559686847592,1.174653356353895,1.1848661765451567,1.1775549307344115,1.1706917309942801,1.1914855190987605,1.1785122924759277,1.1826714906214177,1.1821619362793658,1.1941208212807488,1.198709992529664,1.1986130484050967,1.200667191309465,1.1826351905361012,1.1771187668730223,1.1735961303811244,1.1636395037525298,1.1263100456181245,1.1312577616579078,1.128955901565168,1.1299824715670383,1.1256820705321213,1.119404027789153,1.1196163500382295,1.1166537223118436,1.1169581166035059,1.1292636330891903,1.1289134988707843,1.1321142622198306,1.1276375523517899,1.1331948784728108,1.135965391615582,1.154602856836831,1.1576294801360731,1.1537235607964615,1.156056614047008,1.1583493430989045,1.1630626160448974,1.1622307797319151,1.164702688328142,1.1806084397636394,1.1806542110824303,1.1807024590195916,1.1641842844682357,1.158395253656188,1.159696546434153,1.1563833126057188,1.1917139900201785,1.171724419563867,1.171809451964197,1.1730603216691224,1.178574070638768,1.1741030809420134,1.2123503080364233,1.2302163665753396,1.237047017777438,1.2313153904178626,1.2251047454854982,1.2248683953211101,1.222906998092462,1.2270473745383568,1.2342791560521578,1.236213504137225,1.234042450020648,1.2614555663369704,1.2785054355988017,1.2722355515708423,1.278914384449955,1.2592174012621675,1.269621434713209,1.2808290574133128,1.2800622044600907,1.276858448531763,1.2963514404144416,1.2890125165847433
1.256742736479327,1.2565418474858785,1.2427906140145086,1.266854583586444,1.257584170140475,1.215947989490699,1.2162653477841086,1.1816104599744137,1.1496812566771732,1.1575480369001432,1.153686190489986,1.1532218018262352,1.155766840141311,1.1482986516806368,1.1208937129317593,1.1194394356836337,1.1195149779587512,1.114929715251802,1.119968448100525,1.1188974285229791,1.1164209017520732,1.1130412398932161,1.109750374618949,1.105703514597102,1.111136900406941,1.1041510114744,1.1009051927214035,1.086880362150569,1.091611432285643,1.0894741514578716,1.0737427184258281,1.073782866080673,1.0948684450154957,1.093378425197816,1.0916715372598311,1.0928366428205116,1.0833249486894747,1.0853790833251207,1.0842606327714743,1.088267083524479,1.0818999890692607,1.0544666191065513,1.051853803564142,1.0528911830816492,1.0538010132142732,1.0547917726209748,1.0545563329550534,1.0568698364656184,1.0777715733398092,1.0767349325485225,1.070352067704026,1.064475750797102,1.0513177366571138,1.0572303214264722,1.0572427578247034,1.0652424682099912,1.0671301279528331,1.0649125782116828,1.0637686575378817,1.0635295985347208,1.0526105221450295,1.034564337523491,1.033454629743555,1.0329368283120022,1.0333488650062594,1.0340101646015694,1.030246812814999,1.0261399759300478,1.0291934542846974,1.020647395353005,1.0208380118265066,0.9999103229923041,1.0021640320807406,1.002226698579319,1.0091877634159683,1.0086322220004496,0.9956439605382825,1.0004299980153293,0.9980008974587766,0.9890964107177719,0.989568661649628,0.9847190328377752,0.991324872668064,0.9928958602868857,0.999351672089778,0.9941490882698701,0.9899749566839892,0.9832694441393108,0.9878795891447715,0.9568098642145426,0.9586197398050949,0.9626106694995558,0.9351619175963384,0.9406174232481207,0.944914679843779,0.9487865715572908,0.9638340014774297,0.9579253642322618
1.2008345429851626,1.1870888043973198,1.1803276980372739,1.177302832789355,1.1624966762440008,1.145594752640005,1.1372495221527315,1.1104483945956742,1.1090496855690817,1.1075519121701523,1.1018445409314677,1.0962122794958586,1.0998118507744148,1.090951456380009,1.0723238986095323,1.0805764387632533,1.0807067676123123,1.0808724934807112,1.0784379002655529,1.0872130104202857,1.089917524350451,1.0912126147501733,1.1054326706683681,1.0854739967051001,1.0872068161878399,1.0875807538339937,1.0754417653363362,1.0744079055333342,1.0745940743179505,1.0763722633708273,1.0815799292879444,1.0744595730940836,1.0826212029643734,1.0846535059581863,1.0840920976157302,1.0785462624784385,1.0787653057449698,1.079424838704851,1.0798923231725068,1.0518502747756406,1.0512137111847852,1.0301973022100646,1.0286862151301472,1.03877497936434,1.045568465775037,1.0463422428777216,1.048719465454041,1.0476155492639794,1.052616896654994,1.037239232728921,1.0392176730038765,1.0402747884203927,1.0308654433332494,1.0138155390083772,1.0170426070809238,1.0414509695052894,1.0468450405953311,1.0501371011518508,1.0387122201161505,1.0389777970499121,1.0437508288037451,1.0445863185847872,1.0454295500248576,1.0411927110420076,1.0636336304139868,1.0607070483970844,1.0586111933259756,1.0464613810731045,1.0464392210215965,1.0463341407838809,1.031450495195009,1.037646074698978,1.0365757467671093,1.037013541668515,1.029026118922937,1.0271347517225853,1.0269900514386605,1.027998286657414,1.036279790974345,1.0537513735325743,1.07289377720837,1.0718555272589347,1.077592028064579,1.088795756319887,1.0779939370032812,1.08548282463215,1.0819762471919212,1.0771620721071957,1.0910216906306267,1.0954443247887753,1.0978597024843777,1.0958853027834243,1.0908646184067534,1.0865603441641767,1.0795117805416299,1.0916730300546682,1.0810931504928667,1.07648405587059
